-- MySQL dump 10.13  Distrib 5.6.27, for debian-linux-gnu (i686)
--
-- Host: db-final-project.cqpqwl7k3umb.us-west-2.rds.amazonaws.com    Database: final
-- ------------------------------------------------------
-- Server version	5.6.23-log

/*!40101 SET @OLD_CHARACTER_SET_CLIENT=@@CHARACTER_SET_CLIENT */;
/*!40101 SET @OLD_CHARACTER_SET_RESULTS=@@CHARACTER_SET_RESULTS */;
/*!40101 SET @OLD_COLLATION_CONNECTION=@@COLLATION_CONNECTION */;
/*!40101 SET NAMES utf8 */;
/*!40103 SET @OLD_TIME_ZONE=@@TIME_ZONE */;
/*!40103 SET TIME_ZONE='+00:00' */;
/*!40014 SET @OLD_UNIQUE_CHECKS=@@UNIQUE_CHECKS, UNIQUE_CHECKS=0 */;
/*!40014 SET @OLD_FOREIGN_KEY_CHECKS=@@FOREIGN_KEY_CHECKS, FOREIGN_KEY_CHECKS=0 */;
/*!40101 SET @OLD_SQL_MODE=@@SQL_MODE, SQL_MODE='NO_AUTO_VALUE_ON_ZERO' */;
/*!40111 SET @OLD_SQL_NOTES=@@SQL_NOTES, SQL_NOTES=0 */;

--
-- Table structure for table `artist`
--

DROP TABLE IF EXISTS `artist`;
/*!40101 SET @saved_cs_client     = @@character_set_client */;
/*!40101 SET character_set_client = utf8 */;
CREATE TABLE `artist` (
  `artist_id` varchar(30) NOT NULL,
  `name` varchar(30) DEFAULT NULL,
  `location` varchar(100) DEFAULT NULL,
  `year_start` int(11) DEFAULT NULL,
  `year_end` int(11) DEFAULT NULL,
  PRIMARY KEY (`artist_id`),
  KEY `part_of_name` (`name`(10))
) ENGINE=InnoDB DEFAULT CHARSET=latin1;
/*!40101 SET character_set_client = @saved_cs_client */;

--
-- Dumping data for table `artist`
--

LOCK TABLES `artist` WRITE;
/*!40000 ALTER TABLE `artist` DISABLE KEYS */;
INSERT INTO `artist` VALUES ('AR040M31187B98CA41','The Bug','London, England',1997,NULL),('AR05OJD1187B9B99A6','Ol\' Dirty Bastard','New York, NY, US',1989,2004),('AR07ZQH1187B99F38B','Linda Lewis','West Ham, London, England, GB',1968,NULL),('AR08YJF1187B9B2D59','Freedom','Florida, US',1960,1970),('AR0CANF1187B9AF35F','Dilated Peoples','Los Angeles, CA, US',1992,NULL),('AR0D3LM1187B9B9592','O.C.','Brooklyn, New York, NY, US',1990,NULL),('AR0DQ0J1187B98948A','MC Shan','Douglasville, GA, US',1985,NULL),('AR0FE4T1187B98998A','Sugar Bear','Bronx, New York, NY, US',1990,2000),('AR0GBPP1187B9AF4A1','Cut Chemist','Los Angeles, CA, US',1993,NULL),('AR0NZW11187FB4800E','Plastic Little','Philadelphia, PA, US',2000,2010),('AR0OQPL1187B9B549A','Kirk Franklin','Fort Worth, TX',1992,NULL),('AR0Q6XH1187FB3CDE3','Madvillain','United States',2002,NULL),('AR0URDW1187B9934E6','Stetsasonic','United States',1979,NULL),('AR0V1NK1187FB579C5','The Delta Rhythm Boys','United States',1934,1987),('AR17D2T1187FB4DBC2','Madlib','Los Angeles, CA, US',1993,NULL),('AR19QNR1187B9A13C5','Cassidy','Philadelphia, PA',2002,NULL),('AR1CB5G1187B9AFB8E','Electric Light Orchestra','Birmingham, England,',1970,NULL),('AR1JLAW1187FB38508','Funkadelic','Detroit, MI, US',1968,NULL),('AR1LZXE1187FB5A607','Chinese Man','Marseille, Provence-Alpes-Cote d\'Azur, FR',2004,NULL),('AR1M25O1187FB4EFC6','Skull Snaps','Bronx, New York, NY, US',1970,1980),('AR1M4LH1187B9B9F32','Z-Ro','Houston, TX, US',1994,NULL),('AR1PL481187B9B3786','Westside Connection','Los Angeles, CA, US',1994,2005),('AR1PTQ01187FB5776E','Chick Webb','Baltimore, MD, US',1926,1939),('AR1Q25M1187B9B0D73','De La Soul','Amityville, NY, US',1987,NULL),('AR1RMYB1187FB5A59E','Incubus','Calabasas, CA',1991,NULL),('AR1S9ZF1187FB3CBB0','Shuggie Otis','Los Angeles, CA, US',1969,NULL),('AR1SGV61187FB510F5','Hot Streak','Montreal, Quebec, CA',1990,2000),('AR1SUNB1187FB41BC8','Barrington Levy','Clarendon, Jamaica',1976,NULL),('AR1VWD91187FB4CE99','The Animals','Newcastle upon Tyne, England, GB',1963,1983),('AR1ZYLH1187B98C159','Naughty by Nature','East Orange, NJ ',1988,NULL),('AR20HEB1187B99BFEF','Black Heat','Atlantic City, NJ, US',1970,1980),('AR23C041187FB4D534','50 Cent','South Jamaica, New York, NY, US',1998,NULL),('AR23U5Y1187FB406B9','Ka','brooklyn, ny',1993,NULL),('AR24DZB1187FB3C869','Erykah Badu','Dallas, TX',1996,NULL),('AR25JPR1187B99720B','Busy P','France',1992,NULL),('AR2665Z1187FB56AB9','Commodores','Tuskegee, AL, US',1968,NULL),('AR28GYS1187FB53092','Ohene','Pennsylvania, US',1997,NULL),('AR2969S1187FB3F5D1','Donald Byrd','Detroit, MI, US',1954,2013),('AR2B86D1187FB4EB7B','The Treacherous Three','Bronx, New York, NY, US',1978,1994),('AR2CZWK1187FB3E23A','Loleatta Holloway','Chicago, IL, US',1967,2011),('AR2EDEM1187FB573B1','Royce Da 5\'9\'\'','Detroit, MI',1995,NULL),('AR2GIJS1187FB3FAC6','Marley Marl','Queensbridge, New York, NY, US',1983,NULL),('AR2R67I1187FB4FF3E','Birdman','New Orleans, LA',1989,NULL),('AR2SGQW1187B9B9E7C','KRS-One','New York, NY',1984,NULL),('AR2UWUD1187B9B3B01','Nina Simone','Tryon, NC, US',1954,2003),('AR2XI6G1187B9AE7DA','Fat Joe','New York, NY',1992,NULL),('AR33JTX1187B98F4AD','Jackie Moore','Jacksonville, FL, US',1970,1980),('AR37QVQ1187FB4E011','MC Eiht','Compton, CA',1987,NULL),('AR37VCJ1187FB584C5','Hardhouse','Plainfield,New Jersey,United States',1987,NULL),('AR394BM1187FB5C980','The Whatnauts','Baltimore, MD, US',1969,NULL),('AR3DXTG1187FB38776','Kate Bush','Bexleyheath, London, England, GB',1975,NULL),('AR3FE581187FB3F90A','Fabolous','Brooklyn, NY ',1998,NULL),('AR3H3EH1187B993401','Ruthless Bastards','New York, NY, US',1995,2005),('AR3JJGQ1187FB410B5','Jimmy Smith','Philadelphia, PA',1956,2005),('AR3K1T51187FB4042A','George Clinton','Kannapolis, NC, US',1955,NULL),('AR3QS2R1187B9953C7','Brother Ali','Minneapolis, MN, US',1998,NULL),('AR3TITY1187B99E790','Gyptian','Kingston, Saint Andrew, JM',2003,NULL),('AR3YCSH1187FB3CEDC','Technotronic','Aalst, Belgium',1988,2000),('AR3Z9WY1187FB4CDC2','Kris Kross','Atlanta, GA, US',1992,2013),('AR48SHG1187FB4DD30','Negativland','San Francisco, CA',1979,NULL),('AR49IQD1187FB37EA7','Xzibit','Los Angeles, CA',1995,NULL),('AR4DXUD1187FB4A9FD','Detroit Emeralds','Little Rock Arkansas',1960,1978),('AR4GJ3V1187FB4245B','Zapp','Dayton, OH, US',1977,NULL),('AR4JOEZ1187B9AE99A','Kid Rock','Detroit, MI',1990,NULL),('AR4L4WQ1187FB51996','The Prodigy','Braintree, England',1990,NULL),('AR4LF541187FB37C6A','Lordi','Helsinki, Finland',1992,NULL),('AR4OH581187B9B7157','Jagged Edge','Atlanta, GA',1995,NULL),('AR4R7QA1187B9AF851','Cirque Du Soleil','Quebec, CA',1980,NULL),('AR4WHYC1187B9896E7','A Tribe Called Quest','Queens, New York, NY, US',1985,2013),('AR4XR321187B9B85CE','Consequence','Queens, New York, NY, US',1993,NULL),('AR50L8J1187FB39DD8','Eddie Holman','Philadelphia, PA, US',1956,NULL),('AR54RGR1187FB51D10','Common','Chicago, IL, US',1992,NULL),('AR58ZXX1187FB572F2','Kardinal Offishall','Toronto, Canada',1994,NULL),('AR594TJ1187B9A2220','The Meters','New Orleans, LA, US',1965,NULL),('AR5CCZY1187B9ABD2D','Bobby Caldwell','Manhattan, New York',1968,NULL),('AR5DC8S1187B9958BE','Mary J. Blige','Yonkers, New York',1989,NULL),('AR5FGSX1187B9B5454','Gary Burton','Anderson, IN',1960,NULL),('AR5H4CJ1187B9AE949','Limp Bizkit','Jacksonville, FL, US',1994,NULL),('AR5JUO91187FB4E90B','Ramsey Lewis','Chicago, IL, US',1956,NULL),('AR5KAA01187FB5AEB7','Herbie Hancock','Chicago, IL, US',1961,NULL),('AR5NYXT1187B995B73','Andre Nickatina','San Francisco, CA',1992,NULL),('AR5O6W51187FB46984','Snap!','Germany',1989,NULL),('AR5PF241187B989C1D','Blahzay Blahzay','Miami Beach, FL, US',1980,2000),('AR5PFDG1187FB5027E','Yazoo','Basildon, England, GB',1981,NULL),('AR5TZFO1187B98E58E','Jedi Mind Tricks','Philadelphia, PA, US',1993,NULL),('AR5U4YG1187FB4A059','L.T.D.','San Francisco, CA, US',1968,NULL),('AR5Y1HG1187B989614','Tramaine','San Francisco, CA, US',1968,NULL),('AR5YHDK1187FB4CFB6','All Natural','Chicago, IL, US',1990,2010),('AR5Z39P1187FB3EFDD','Vengaboys','Amsterdam, North Holland, NL',1997,NULL),('AR60C3O1187FB46737','Kurtis Blow','Harlem, New York, NY, US',1979,NULL),('AR62WV51187B99F815','Clarence Wheeler','United States',1970,1980),('AR64SX81187B99DCD9','AC Slater','Brooklyn, NY',1999,NULL),('AR65Y8H1187FB38CFD','Solomon Burke','Philadelphia, PA',1955,2010),('AR67F4O1187FB5C6FE','Jay Dee','Detroit, MI, US',1993,2006),('AR6EUBG1187B995435','Pete Rock','Mount Vernon, NY, US',1987,NULL),('AR6F3811187B9B20FB','Two Lone Swordsmen','London, England, GB',1996,NULL),('AR6OCQF1187B9A1E3F','Fab 5 Freddy','France',1970,1980),('AR6R1OA1187FB4D374','Howie B.','Glasgow, Scotland, GB',1990,NULL),('AR6TOUC1187FB53C7E','Roy Ayers Ubiquity','United States',1960,NULL),('AR6XU5411C8A4152FE','Ace Hood','Deerfield Beach, Florida',2006,NULL),('AR72OEM1187FB43E2A','Biz Markie','Harlem, New York, NY, US',1981,NULL),('AR76ZQP1187FB56A79','The Temptations','Detroit, MI',1960,NULL),('AR78KRI1187B98E6F2','Art of Noise','London, England, GB',1983,2000),('AR7BGWD1187FB59CCB','Aretha Franklin','Detroit, MI',1956,NULL),('AR7F2611187FB4049B','Marlena Shaw','New Rochelle, NY',1967,NULL),('AR7FZ7W1187B9A5D13','Bob James','Marshall, Missouri',1962,NULL),('AR7GVU91187B99F7E2','Omarion','Inglewood, CA ',1990,NULL),('AR7H9EH1187B990F91','TRU','New Orleans, LA, US',1992,2005),('AR7HSZN1187FB5AD87','Miami','San Francisco, CA, US',1970,1980),('AR7I1U41187B99629D','The Soul Searchers','Washington, DC, US',1960,2012),('AR7NPRY1187B9ADE15','Ludacris','atlanta, georgia',1997,NULL),('AR7OA5G1187B98D3A0','Sufjan Stevens','Detroit, MI',1999,NULL),('AR7QCAS1187B9B32EB','Little Richard','Macon, GA',1947,NULL),('AR7XILV1187FB4416D','Lou Donaldson','Badin, NC ',1952,NULL),('AR81PS11187B9A7C5C','Lafayette Afro Rock Band','Paris, France',1970,1978),('AR81UI91187B9A0E3F','VOF De Kunst','Spain',1990,2010),('AR82F751187B98F89A','Elio E Le Storie Tese','Milan, Lombardy, IT',1980,NULL),('AR83G9J1187FB3C094','Kenny Loggins','Everett, WA, US ',1966,NULL),('AR8B1WY1187FB38366','Rakim','Wyandanch, NY, US ',1985,NULL),('AR8E5MN1187B9AFBCE','Ian Dury','London, England, GB',1971,2000),('AR8KCGU1187FB514D5','The Wiseguys','London, UK',1994,2001),('AR8KUJL1187FB46AD6','Franz Liszt','Raiding, Austria',1823,1886),('AR8L6W21187B9AD317','Diana Ross','Detroit, MI ',1959,NULL),('AR8MA9B1187FB59374','Manfred Mann\'s Earth Band','England, GB',1971,NULL),('AR8RXRI1187FB4104B','The Roots','Philadelphia, PA',1987,NULL),('AR8V9621187B99164D','Horace Brown','United States',1990,2000),('AR8VVK71187B98E6F8','Smoke DZA','New York, NY',2002,NULL),('AR8ZLX91187FB3CB73','Marshall Jefferson','Chicago, IL',1985,NULL),('AR8ZXTS1187B9A377E','Taana Gardner','Newark, NJ, US',1978,NULL),('AR90FV71187B98A79D','The Deele','Cincinnati, OH, US',1981,NULL),('AR91OQB1187FB4ACE0','Shaquille O\'Neal','Newark, NJ, US',1993,2001),('AR96LYR1187B9ABABD','Neneh Cherry','Stockholm, Sweden',1981,NULL),('AR96V8H1187FB395B7','Sarah Vaughan','Newark, NJ',1942,1989),('AR9788H1187B9A05D1','OuterSpace','Philadelphia, PA ',1997,NULL),('AR9ECQS1187B98EEDD','Paktofonika','Katowice, Silesian, PL',1998,2003),('AR9I0AS1187FB49FDF','Luke','Missouri, US',1980,2010),('AR9J2H81187B9B5253','Chic','New York, NY, US',1976,NULL),('AR9LJ9D1187FB4303D','Sean Kingston','Kingston, Jamaica',2004,NULL),('AR9ODB41187FB459B2','Organized Konfusion','Queens, New York, NY, US',1987,NULL),('AR9U1T81187FB4D1DE','Evidence','Venice, Los Angeles, CA, US',1992,NULL),('AR9WTG51187FB5C7C5','Tamar Braxton','Severn, Maryland',1990,NULL),('ARA1G4I1187B99332D','Micranots','Georgia, US',1990,2000),('ARAADXM1187FB3ECDB','Styles of Beyond','Los Angeles, CA, US',1994,NULL),('ARABHD31187B997A55','The Artistics','Chicago, IL, US',1958,1999),('ARACI901187FB49EC4','Fat Boys','brooklyn new york',1982,NULL),('ARACINL12A100440E0','Vato Gonzalez','Spijkenisse, South Holland, NL',2007,NULL),('ARAF2I21187FB4CE77','Average White Band','Dundee, Scotland, GB',1972,NULL),('ARAKKJF1187B994FB7','The Click','Vallejo, CA, US',1986,2001),('ARAMX4A1187B9A8D00','Jimmy Scott','United States',1945,2014),('ARARCRR12086C15E7B','Eric Lau','London, England, GB',2005,NULL),('ARARH0C1187B99E149','Blockhead','New York City, NY',1999,NULL),('ARATKFG1187B99D260','Lil\' Kim','New York, NY',1994,NULL),('ARAV4ZE1187B9A1F60','INI','Illinois, US',1990,1997),('ARAVWPR1187FB4736D','Mac Dre','San Francisco, CA',1988,2004),('ARAZBAQ1187B9AB92B','MC Breed','Flint, MI, US',1990,2008),('ARB2M051187FB56FA9','Sugarhill Gang','Englewood, NJ',1973,NULL),('ARB59YI1187FB492AF','The Crystals','Brooklyn, New York, NY, US',1960,NULL),('ARBCUNV1187B98A9FB','Busta Rhymes','New York , NY',1989,NULL),('ARBE9XH1187B9A826F','Joell Ortiz','Brooklyn, NY',1998,NULL),('ARBEOHF1187B9B044D','Madonna','New York City, NY',1979,NULL),('ARBI7D01187B9AA00B','Wendy Rene','Memphis, TN, US',1962,2010),('ARBKN991187FB3DDAE','Galt MacDermot','Montreal, Quebec, CA',1960,NULL),('ARBPIT91187B9ABC56','Bill Withers','Slab Fork, WV, US',1963,NULL),('ARBQFU91187B9A6D5B','Billy Ocean','London, UK',1971,NULL),('ARBS1OC1187FB44CAF','T.I.','Atlanta, GA',1996,NULL),('ARBVKHX1187FB42704','Lata Mangeshkar','Indore, India',1942,NULL),('ARBYVIH1187B9B9F64','Ugly Duckling','Long Beach, CA, US',1993,NULL),('ARC2XR11187FB5CC95','Beck','Los Angeles, CA ',1985,NULL),('ARC5BL01187FB3DF69','Hilltop Hoods','Adelaide, South Australia, AU',1994,NULL),('ARCBD0U1187FB466EF','Nelly','Saint Louis, MO ',1993,NULL),('ARCH48I1187FB51B68','Esther Phillips','Galveston, TX, US',1950,1984),('ARCLLGV1187B98DE9D','DJ Green Lantern','Rochester, NY, US',2004,2011),('ARCMYSA1187FB4A8E8','Masta Ace Incorporated','Brooklyn, New York, NY, US',1992,1996),('ARCQMJH1187B9B53CC','DJ Screw','Houston, TX, US',1983,2000),('ARCU46N1187B992A12','213','Long Beach, CA, US',1992,2011),('ARCZ5JJ1187FB3E221','Mavis Staples','Chicago, IL',1950,NULL),('ARD05091187B9B8D3D','MF Doom','London, England, GB',1988,NULL),('ARD3STO1187FB3E36A','Ill Bill','Brooklyn, New York, NY, US',1991,NULL),('ARD46C811C8A414F3F','Kid Cudi','Brooklyn, NY',2003,NULL),('ARD5VN51187B9B8D29','Jamie Foxx','Terrell, Texas ',1994,NULL),('ARD8P5W1187FB3A92B','D-Nice','Bronx, New York, NY, US',1980,2010),('ARD97XH1187B9B1E12','ESG','South Bronx, New York, NY, US',1978,NULL),('ARDCKVJ1187FB54D1F','Syl Johnson','Holly Springs, MS, US',1959,NULL),('ARDD00U1187B9AEB3F','Obie Trice','Detroit, MI',2000,NULL),('ARDEP501187B9A0987','Bootsy\'s Rubber Band','Cincinnati, OH, US',1969,NULL),('ARDFUFY1187B98B206','Logic','Gaithersburg, MD',2009,NULL),('ARDIBRT1187B9AF176','Led Zeppelin','London, UK',1968,1980),('ARDIKTV11F43A69FA4','Deodato','Brazil',1959,NULL),('ARDIN2H1187B994856','Central Line','London, England, GB',1978,1984),('ARDNZL61187B98F42D','Seeed','Berlin, Berlin, DE',1998,NULL),('ARDSWIE1187FB39056','Gang Starr','Brooklyn, New York, NY, US',1985,2006),('ARDUNBH13F9AD7E672','PARTYNEXTDOOR','Mississauga Ontario Canada Brampton Ontario Canada',2012,NULL),('ARDWOW81187FB3B574','Marky Mark and the Funky Bunch','boston, ma',1989,1993),('ARDYD761187FB39B93','Main Source','New York, NY',1989,1994),('ARE3H4L1187B9B659C','Chaka Khan','Chicago, IL',1970,NULL),('ARE815V1187B998A43','T La Rock','New York, NY, US',1984,NULL),('ARE88TD1187FB4475B','Neal Hefti','Hastings, NE, US',1958,1968),('AREERZ61187FB3AAC1','Color Me Badd','Oklahoma City, OK, US',1987,NULL),('AREGC1Z1187B995A90','Jurassic 5','Los Angeles, CA, US',1993,NULL),('AREHKZU122E5C4FC81','Mike Posner','Detroit, MI, US',2007,NULL),('AREIKZN1187B9A12DE','Snap!','Frankfurt, Germany',1989,NULL),('AREJ4S91187B9AD10C','D12','Detroit, MI, US',1996,NULL),('AREJQVO12C1DF51FFE','Kendrick Lamar','Compton, CA',2003,NULL),('AREK02J1187B98E52F','Jamiroquai','London, England, GB',1992,NULL),('AREL1OU1187B995C9A','Project 86','Orange, CA, US',1996,NULL),('ARELPXQ1187FB384FD','Queen Latifah','Newark, NJ, US',1988,NULL),('AREN9QG1187FB3A576','Donald D','Bronx, New York, NY, US',1978,NULL),('AREPYZO1187B9B9C2D','Gil Scott-Heron','Chicago, IL, US',1969,2011),('ARETYWJ11F919A7829','Pretty Lights','Fort Collins, CO',2006,NULL),('AREV2491187B9B017E','Mobb Deep','Queensbridge, New York, NY, US',1992,NULL),('AREVN1B1187B9944B2','J Dilla','Detroit, MI, US',1993,2006),('AREVWQO11E2835D3DC','The Brothers Johnson','Los Angeles, CA',1975,NULL),('AREWELW11F50C4A869','A.L.T.','El Monte, CA, US',1989,NULL),('AREY40T1187FB5C655','Tom Scott','Los Angeles, CA',1965,NULL),('ARF8HTQ1187B9AE693','Daft Punk','Paris, Ile-de-France, FR',1993,NULL),('ARF8ZJW1187B98C949','Dead Can Dance','Melbourne, Australia',1981,NULL),('ARFCUN31187B9AD578','The Rolling Stones','London, England, GB',1962,NULL),('ARFCWSZ123526A0AFD','Justin Bieber','Stratford, Canada',2008,NULL),('ARFD6AP1187FB431C4','Chuckii Booker','Los Angeles, CA, US',1984,NULL),('ARFEOU611A348F0AB6','Samiyam','Los Angeles, CA ',2008,NULL),('ARFEZRN1187FB3E182','Stanley Turrentine','Pittsburgh, PA, US',1959,2000),('ARFG66D1187FB536B6','Junior M.A.F.I.A.','New York, NY, US',1994,NULL),('ARFHP8I1187B9B303F','Tom Jones','Treforest, Wales',1963,NULL),('ARFIDHF12496DAB7E1','J. Cole','Fayetteville, NC, US',2007,NULL),('ARFJXBN12F0DAC3E88','Kid Ink','Los Angeles, CA, US',2005,NULL),('ARFLSLE1187B9AC75E','Isaac Hayes','Covington, TN, US',1962,2008),('ARFNZAT1187B999B7C','Dave Hamilton','California, US',1960,1980),('ARFQ3191187B98AD2E','Marion Harris','New York, NY, US',1914,1930),('ARFS2MY1187FB40893','Iron Butterfly','San Diego, CA, US',1966,NULL),('ARFW42T1187B98EF2A','Mad Lion','Jamaica',1990,2000),('ARFX60Y1187B9A1495','Geto Boys','Houston, TX, US ',1986,NULL),('ARG0IZU1187FB5585D','Ruckus Roboticus','Dayton, OH, US',2000,2010),('ARGAJER1187B9921AA','Dexter Gordon','Los Angeles, CA',1940,1986),('ARGDF3P1187B98F54E','Mountain','Long Island, NY',1969,NULL),('ARGEKPA1187FB41A5D','Fancy','England, GB',1973,1975),('ARGG7S81187FB511E9','Big Sean','Detroit, MI',2007,NULL),('ARGGK7W1187B99053B','Ice-T','Newark, NJ',1982,NULL),('ARGJFIQ11EBCD789D1','U-N-I','Inglewood, CA, US',2006,2011),('ARGKQH91187FB59B29','David Axelrod','Los Angeles, CA',1968,NULL),('ARGLETV1187FB527A1','Tha Dogg Pound','Long Beach, CA, US',1992,NULL),('ARGLFXO12592CDB6B4','Olly Murs','Witham, UK',2009,NULL),('ARGQL2Q1187B9B0149','Sean Paul','Kingston, Jamaica ',1997,NULL),('ARGQW6B1187FB4C839','Lloyd','New Orleans, LA, US',1996,NULL),('ARGUYNJ11C8A41506B','Tyga','Compton, CA',2007,NULL),('ARGXIE31187FB55B48','Tech N9ne','Kansas City, MO',1991,NULL),('ARGXMK01187FB43932','Fat Larry\'s Band','Philadelphia, PA, US',1976,1987),('ARGY96L1187FB410ED','Jimmy McGriff','Germantown, Philadelphia, PA, US',1960,2007),('ARH1N081187B9AC562','Thom Yorke','Wellingborough, England, GB',2006,NULL),('ARH36O11187B988F04','Keni Burke','Chicago, IL, US',1965,1981),('ARH39ZK1187B9ABC22','Girl Talk','Pitsburgh, PA',2001,NULL),('ARH79VT1187B99289F','Chill Rob G','Queens, New York, NY, US',1990,2000),('ARHAEF41187FB38ECB','Prince Paul','Denton, TX, US',1985,NULL),('ARHC2H61187B9B5D61','Fler','Berlin, Berlin, DE',1999,NULL),('ARHDI7O1187B9B6850','John Legend','Springfield, OH',2000,NULL),('ARHH3WR1187B9B6B1D','Bliss N Eso','Sydney, Australia ',2000,NULL),('ARHHTZL119B34033E9','Sho Baraka','Port Royal, SC, US',2004,NULL),('ARHHYQ81187B9A1C14','Da Beatminerz','Bushwick, New York, NY, US',1992,NULL),('ARHIC3Q1187B9B1773','Big Daddy Kane','Brooklyn, New York, NY, US',1987,NULL),('ARHKLFI1187B9ADBC2','Immortal Technique','Harlem, New York',2000,NULL),('ARHLC7T1187B9B8798','Betty Wright','Miami, FL, US',1956,NULL),('ARHLGDG11F4C846A37','Lil Jon','Atlanta, GA, US',1993,NULL),('ARHNB8P1187FB409C3','Bachelors of Science','San Francisco, CA',2006,NULL),('ARHSGAW1187B9898C7','Funkdoobiest','Los Angeles, CA, US',1989,NULL),('ARHTHC01187B9B6D2A','Michael McDonald','Nashville, TN, US',1970,NULL),('ARHTUZB11F50C4C14C','Tinie Tempah','London, UK',2005,NULL),('ARHV6YT1187FB4C6BC','Luther Ingram','Jackson, TN, US',1965,1992),('ARHW3XF1187FB42F2B','Cameo','New York, NY, US',1974,NULL),('ARHWHVQ12C7F535717','Hodgy Beats','Pasadena, CA, US',2007,NULL),('ARHYUI71187FB48366','Billy Preston','Houston, TX, US',1956,2005),('ARHZCG01187B99E4DE','Stanley Clarke','Philadelphia, PA, US',1966,NULL),('ARI18NF1187B99FC57','Jaco Pastorius','Norristown, PA, US',1964,1987),('ARIA2JA1187B9B5C0C','Das EFX','Petersburg, VA, US',1991,NULL),('ARICLSK131AAE25F5E','Lana Del Rey','Lake Placid, NY, US',2005,NULL),('ARIEZEE13B48012DFD','Bizzy Crook','Miami, Florida',2011,NULL),('ARIGDMX1269FCD4CFB','Cro','Aalen, Baden-Württemberg, Germany',2006,NULL),('ARIGPNM1187B98C744','Kelis','New York, NY',1997,NULL),('ARII41Q1187FB47B2C','Whodini','Brooklyn, New York',1981,NULL),('ARIK43K1187B9AE54C','Lionel Richie','Tuskegee AL',1968,NULL),('ARIL1ZZ1187FB56599','Lou Johnson','Louisville, KY, US',1960,1980),('ARIQMDE11F43A69FB2','B.T. Express','Brooklyn, New York, NY, US',1974,1987),('ARIS5K31187B9AAF23','Assagai','France',1970,1980),('ARITVFG1269FB34AF1','Action Bronson','New York, NY',2008,NULL),('ARIWGS71187B993991','Royal Flush','Flushing, New York, NY, US',1990,2000),('ARIZGZE1187B9B1451','Mary Jane Girls','Los Angeles, CA, US',1974,1987),('ARJ3FQB1187B9B2715','Clarence Reid','Miami Beach, FL, US',1960,1970),('ARJ56D11187B9B3846','Parliament','Detroit, MI, US',1968,1980),('ARJ78QS1187B998002','The Notations','Germany',1950,NULL),('ARJA5AT1187FB40C52','Supernatural','Marion Indiana',1984,NULL),('ARJCJOU12454A3D55E','Isao Tomita','Tokyo, Tokyo Prefecture, JP',1955,NULL),('ARJDEQU1187B988C40','D.I.T.C.','Bronx, New York, NY, US',1990,NULL),('ARJF9F91187FB3DE63','La Coka Nostra','New York, NY',2006,NULL),('ARJFBZ41187FB560A0','Black Sheep','Queens, New York',1989,NULL),('ARJG03W1187B9950C3','Group Home','New York, NY, US',1990,NULL),('ARJJVTF1187B989C9C','Intelligent Hoodlum','New York, NY, US',1990,NULL),('ARJKZMM12420782663','Dibiase','Haverhill, MA, US',2000,2010),('ARJQVBE1187FB3D623','Herbie Mann','Brooklyn, New York, NY, US',1953,2003),('ARJUP3A1187FB55871','Robin S.','Queens New York',1992,NULL),('ARK7ADK1187B9AD6AA','The Sequence','Los Angeles, CA, US',2001,NULL),('ARK9TRQ1187B99C095','Nine Inch Nails','Cleveland, OH',1988,NULL),('ARKAI6D1187B98A539','Boogie Down Productions','Bronx, New York, NY, US',1985,1992),('ARKAZX31187FB45AE3','The Mohawks','Leeds, England, GB',1960,NULL),('ARKBSDK122ECCB7851','Big K.R.I.T.','Meridian, MS, US',2005,NULL),('ARKBX5B1187B9ADAFD','Ten Wheel Drive','Bergenfield, NJ, US',1960,1970),('ARKFC2X1187B9A03DC','Japanther','Brooklyn, New York, NY, US',2001,NULL),('ARKFVRI1264D13731A','Red Hot Lover Tone','New York,New York,United States',1990,1990),('ARKOISX11E2835CA39','Curren$y','New Orleans, LA',2002,NULL),('ARKPD9Z1187B9AA7DC','Luv\'','Texas, US',1977,2012),('ARKQ9JM1187FB57521','AZ','Brooklyn, NY',1992,NULL),('ARKR0111187B99FD2A','Monica','Atlanta, GA',1993,NULL),('ARKTTJV12592CDA07F','Ellie Goulding','Lyonshall, England',2008,NULL),('ARKYSRT1241B9C5049','Blaqstarr','Baltimore, MD, US',2000,2010),('ARL3IIC1187FB394BD','Richard Clayderman','Paris, France',1976,NULL),('ARL4TII1187B9B46E1','Queen','London, UK',1970,1997),('ARL60FF1187B9AE52D','Trey Songz','Petersburg, VA',2004,NULL),('ARL9C2G1187B9A497C','MC Lyte','Queens, New York, NY, US',1986,NULL),('ARLAEJO1187B98DB85','Fu-Schnickens','East Flatbush, Brooklyn, NY',1991,1996),('ARLAUED1187B9ACEAF','Eric Clapton','Ripley, England, GB',1962,NULL),('ARLFUNU1187B996754','Southside Movement','United States',1970,1980),('ARLG57I1187B98E893','Kazi','Brooklyn, New York, NY, US',2000,2000),('ARLGIX31187B9AE9A0','Jay Z','Brooklyn, NY',1990,NULL),('ARLGUTA1187B9B605F','Terror Squad','New York, NY',1998,2006),('ARLH5FC1187B988F93','Cutty Ranks','Kingston, Saint Andrew, JM',1980,NULL),('ARLHK431187B996269','Chicago Gangsters','Chicago, IL, US',1970,1980),('ARLHO5Z1187FB4C861','Beastie Boys','New York, NY ',1981,2012),('ARLKNCZ1187FB47DE4','Crash Crew','Harlem, New York, NY, US',1977,NULL),('ARLLANI1187FB5116F','Simon Harris','United Kingdom',1980,1990),('ARLMXEA1187B9A7D04','R. Kelly','Chicago, IL',1989,NULL),('ARLP6O31187FB4C75C','Canon','North Hollywood, Los Angeles, CA, US',2009,NULL),('ARLSBV11187B99D578','World\'s Famous Supreme Team','New York, NY, US',1980,1990),('ARLTCGU13798C212D5','Joey Bada$$','New York, NY',2010,NULL),('ARLUQWX12472CE2B9F','The Meters','London, England, GB',2000,2010),('ARLVAAI1187FB3965C','Gary Numan','Hammersmith, London',1977,NULL),('ARLWEID1187B98DE3C','Quincy Jones','Chicago, IL, US',1951,NULL),('ARM1UIH1187B9A5DE8','Marco Polo','Toronto, Ontario, CA',2000,NULL),('ARM2YO51187B9A055A','Peanut Butter Wolf','San Mateo, CA, US',1989,NULL),('ARM43TH1187B9B62A9','Kotch','Chapel Hill, NC, US',1980,2000),('ARM6LGN1187B9949DB','The Floaters','Detroit, MI, US',1976,1982),('ARM7YQQ1187B9A84E7','Blondie','new york, NY',1974,NULL),('ARMD3XX1187B9ACF84','Cypress Hill','south gate, ca',1988,NULL),('ARMDBW21187FB37126','Grandmaster Flash','New York, NY',1970,NULL),('ARME7101187FB3ECDD','DJ Shadow','Davis, California, U.S. ',1989,NULL),('ARMFUUA1373E16FA28','Will Sparks','Melbourne Australia',2011,NULL),('ARMGM831187B9B78F0','Jocelyn Brown','Kinston, NC',1976,NULL),('ARMIMHT1187B98F038','Teena Marie','Santa Monica, California',1964,2010),('ARMJ67Y1187FB3FD2E','The System','Venezuela',2000,2010),('ARMJXRP1187FB461A0','Ohio Players','Dayton, OH, US',1959,2002),('ARMKBL21187FB38230','The Chemical Brothers','Manchester, England, GB',1991,NULL),('ARMM06Q1187FB37202','Sigma','London, England, GB',2003,NULL),('ARMPI3T1187FB37025','Esham','Detroit, MI',1988,NULL),('ARMQ1BF1187B99C71B','Al\' Tariq','Queens, New York, NY, US',1989,NULL),('ARMTVW61187B9B8802','Mott the Hoople','Herefordshire, England, GB',1969,2013),('ARN0IWD1187FB47BD1','The American Breed','Northampton, England, GB',1966,1969),('ARN1VJ21187FB4053F','M.O.P.','Brooklyn, New York, NY, US',1992,NULL),('ARNAIMI1187FB5733C','Rick Ross','Carol City, FL, US',2001,NULL),('ARNDL191187FB51583','Jimi Hendrix','Seattle, Washington ',1963,1970),('ARNDQQ41187B9AE635','Crazy Town','Los Angeles, CA, US',1995,NULL),('ARNF6401187FB57032','Sophie B. Hawkins','New York, NY, US',1992,NULL),('ARNH6Q11187FB40FDD','Jeru the Damaja','Brooklyn, NY',1986,NULL),('ARNHMFD1187FB3B3F6','LL Cool J','Bay Shore, NY, US',1984,NULL),('ARNIZ5P1187B989AF5','Lord Finesse','Bronx, New York, NY, US',1989,NULL),('ARNMKV91187FB4CD3F','Army of the Pharaohs','Philadelphia, PA, US',1998,NULL),('ARNNRN31187B9AE7B7','Al Green','Forrest City, AR',1967,NULL),('ARNSGYD1187B9B8B52','Funk, Inc.','Indianapolis, IN, US',1969,1995),('ARNSYTP11E2835CE3D','Funky 4 + 1','New York, NY, US',1977,1983),('ARNW70F1187B9A6BFD','Deez Nuts','Melbourne, Australia',2007,NULL),('ARNXNH81187FB52EB5','Baby Bash','Houston, TX',1995,NULL),('ARO60NK1187FB49407','Malcolm McLaren','London, England, GB',1971,2010),('ARO7NLC1187B99415E','Miguel','San Pedro, Los Angeles, CA, US',1998,NULL),('AROCAZH1187FB4A092','Afrika Bambaataa','Bronx, NY',1975,NULL),('ARODZUF11F4C841E1F','Drake','Toronto, Canada',2001,NULL),('AROH0Y91187FB5B3BA','Skee-Lo','Los Angeles, CA',1985,NULL),('AROHMXL1187B9AF4B2','Yung Joc','Atlanta, GA',2004,NULL),('AROI9H41187B99BD8C','Grand Daddy I.U.','Queens, New York, NY, US',1989,NULL),('AROKWE01187FB3D3AC','Bomfunk MC\'s','Finland',1997,2005),('AROL0IA1187B9902BA','X-Clan','Brooklyn, New York, NY, US',1989,NULL),('AROLBBV13A4B400158','Musiq Soulchild','Philadelphia, United States',1998,NULL),('AROLQ1M1187B98ECD9','Blu Mar Ten','London, England',1995,NULL),('AROMLCI1187FB4C6E7','Sarah Brightman','Hertfordshire, England, GB',1972,NULL),('AROMOVD12AA0D8B6A5','Love Unlimited Orchestra','San Pedro, CA',1973,1983),('ARONUSR1187B98DE3F','Mantronix','New York, NY',1984,1991),('AROQS6O1187FB3D146','Barney Kessel','Muskogee, OK, US',1940,1992),('AROSI8L1187B9ACD43','Ice Cube','Los Angeles, CA',1984,NULL),('AROURUF1187FB532C9','Sexton Blake','Portland, OR, US',2004,NULL),('AROVCZR1187B98A382','Double Exposure','Philadelphia, PA, US',1970,1980),('AROVHQT1187B9B86F9','William DeVaughn','Washington, DC, US',1972,1980),('AROVZAK1187B9BA3F7','New Edition','Boston, MA, US',1978,NULL),('AROYNG01187FB56BA9','Curiosity Killed the Cat','London, England, GB',1984,1992),('AROZHXK12592CDAC92','Freddie Gibbs','Gary, Indiana',2003,NULL),('ARP35L21187B9A83AA','Jaylib','Los Angeles, CA, US',2000,2006),('ARP50JK1187FB53278','Michael Franks','La Jolla, San Diego, CA, US',1973,NULL),('ARP6LVF1187B99F943','A.D.O.R.','Manhattan, New York, NY, US',1990,2010),('ARP8HC01187B9AC42D','Dido','London, England, GB',1995,NULL),('ARPAF9J1187B9B7028','Wreckx-N-Effect','Peoria, AZ, US',1987,NULL),('ARPANXO1187B9B468A','Public Enemy','Roosevelt, NY, US',1982,NULL),('ARPBTRI1187FB52457','The Game','Compton, CA, US',2002,NULL),('ARPDVPJ1187B9ADBE9','Usher','Atlanta, Georgia ',1991,NULL),('ARPFXNI1187B9A4C9D','Raymond Scott','Brooklyn, New York, NY, US',1931,1985),('ARPLHIR1187FB5C1AE','Nero','london, england',2004,NULL),('ARPLTOM1187FB43C56','Ultramagnetic MC\'s','New York, NY',1984,NULL),('ARPN0Y61187B9ABAA0','The Smiths','Manchester, England',1982,1987),('ARPTEL21187B9B210F','AllFrumTha I','Inglewood, CA, US',1996,2005),('ARPVJVZ12FE085D726','2 Chainz','College Park, GA',1997,NULL),('ARPVZTA1187B9A63A8','DJ Khaled','Miami, FL, US',1998,NULL),('ARPX8T51187FB47E46','Michel Berger','France',1970,2000),('ARPXABO1187FB4D15F','2Pac','Marin City, CA',1988,1996),('ARQ0AP61187FB58CE9','Don Diablo','Coevorden, Drenthe, NL',1997,NULL),('ARQ1OPK1187B98B199','Jin','Hong Kong',1994,NULL),('ARQ6OS81187B998B73','Kid Dynamite','Philadelphia, PA',1997,2013),('ARQ6TTV1187B99379E','Swizz Beatz','Bronx, NY',1994,NULL),('ARQ80SJ1187B9ACE44','Richard Pryor','Peoria, IL, US',1963,1997),('ARQ8F831187FB5154B','Herb Alpert','Los Angeles, CA, US',1957,1957),('ARQDVRT12CC71081DB','Jamie xx','London, England, GB',2007,NULL),('ARQFENL121318C58A6','Jeremih','Chicago, IL',2008,NULL),('ARQJDNC126A031DEF9','Oh Mercy','Balaclava, Melbourne, Victoria, AU',2000,NULL),('ARQJXPL1187B9B4D6B','M|A|R|R|S','London, England, GB',1987,1987),('ARQLWL91187FB3A3C0','Julie Andrews','Walton-on-thames, England, GB',1945,NULL),('ARQM3CJ1187B9B7AD1','Natalie Imbruglia','Sydney, New South Wales, AU',1989,NULL),('ARQMWPF1187FB536C3','Mic Geronimo','Queens, New York, NY, US',1993,NULL),('ARQT9SA1187B9AD3C7','Steely Dan','Annandale-on-Hudson, NY, US',1972,NULL),('ARQU75O1187B990F89','Trouble Funk','Washington, DC, US',1978,NULL),('ARQUKB81187B9A0010','Fatboy Slim','Bromley, London, England, GB',1979,NULL),('ARQUMH41187B9AF699','Linkin Park','Agoura Hills, CA, US',1996,NULL),('ARQUN9K1187B9B5BD7','Vanilla Ice','Dallas, TX',1985,NULL),('ARQVJQY1187FB3ABDC','Statik Selektah','Lawrence, MA, US',1995,NULL),('ARQVZ7F1187FB57CC9','Twenty 4 Seven','Virginia, US',1989,NULL),('ARQXIED1187B99C61C','Jacques Brel','Schaarbeek, Belgium',1953,1978),('ARQY01R1187FB3F57E','Funkmaster Flex','Bronx, New York, NY, US',1987,NULL),('ARQYX4N1187FB43837','The J.B.\'s','Schenectady, NY, US',1960,2000),('ARR09ZZ1187FB4A10A','Pusha T','Virginia Beach, VA, US',1992,NULL),('ARR2EDS1187B9B57DB','Theory Hazit','Cincinnati, OH, US',2007,NULL),('ARR3FTZ1187FB3C302','Lyn Collins','Abilene, Texas',1962,2005),('ARR49LG1187B99E508','Ransom','British Columbia, CA',2000,2010),('ARR4UCF1187B9A9A5C','DeBarge','Grand Rapids, MI, US',1979,1989),('ARR6LWJ1187FB44C8B','R.E.M.','Athens, GA',1980,2011),('ARR6PDP1187B99B6CD','The Delfonics','Philadelphia, PA',1965,NULL),('ARRCSUW1187B98EFB0','Mandrill','Brooklyn, New York',1970,NULL),('ARRDD0E1187B9A90D0','Future Cut','London, England, GB',1998,NULL),('ARRDLVE1187FB48F11','James Brown','Taccoa, Georgia',1954,2006),('ARRH63Y1187FB47783','Kanye West','Chicago, IL',2003,NULL),('ARRIN1R1187B9B78FF','Billy Stewart','Washington, DC, US',1956,1969),('ARRJ3UC1187FB579D7','Wyclef Jean','Croix des Bouquets, Ouest, HT',1993,NULL),('ARROQSO1187B9AEB80','Talking Heads','New York, NY, US',1975,1991),('ARRPCKN1187FB5BA2F','Z.Z. Hill','Naples, TX, US',1958,1984),('ARRTHFN11F4C83D56B','UGK','Port Arthur, TX, US',1987,2007),('ARRTOGQ1269FB3446E','Tujamo','Detmold, Germany',2010,NULL),('ARRTVWX1187B990CD5','Tenor Saw','Kingston, Saint Andrew, JM',1980,1990),('ARRZ1351187FB37A53','The Fatback Band','New York, NY, US',1970,NULL),('ARS10A81187B9B6E16','Art Ensemble of Chicago','Chicago, IL',1966,NULL),('ARS1VR41187B9957D9','Joe Thomas','Uniontown, PA',1930,1983),('ARS3Y3O1187B989A23','Buster Williams','New York, NY, US',1959,NULL),('ARS5PAT1187FB503EF','Guru','Boston, MA, US',1985,2010),('ARS8JXH1187B998E41','Red Cafe','United States',1999,NULL),('ARSAIUN1187FB398D3','Creedence Clearwater Revival','El Cerrito, CA, US',1967,1972),('ARSB6YK1187B99A56F','Derek B','London, England, GB',1986,2009),('ARSF9Y31187FB44ED0','Goodie Mob','Atlanta, GA, US',1991,NULL),('ARSHUKZ11F50C4F89D','The D.O.C.','Compton, CA, US',2002,NULL),('ARSK54Q1187B98F53E','Cru','Dallas, TX, US',1995,1997),('ARSL5SP1187B9A7AE0','N.W.A','Compton, CA, US',1986,2002),('ARSL7B31187B9B2F18','Bomb the Bass','London, England',1987,NULL),('ARSPQAL1187FB3F0E6','Nefertiti','Atlanta, GA, US',1990,2000),('ARSQDUN1187B98D7D7','EPMD','Brentwood, NY, US',1986,NULL),('ARSQSCB1187B9912A0','Warren G','Long Beach, CA, US',1992,NULL),('ARSUHIL1187B9ABE12','M-Beat','United Kingdom',1988,NULL),('ARSWHKY1187B9B40B2','Grover Washington, Jr.','Buffalo, NY, US',1971,1999),('ARSX7N41187FB46EE6','Dennis Edwards','Birmingham, AL, US',1961,NULL),('ARSXECA11F4C83D67F','Gioachino Rossini','Pesaro, Marche, IT',1792,1868),('ARSZ6MA1187FB43D29','The Notorious B.I.G.','New York, NY',1992,1997),('ART1XOT1187B99A298','Billy Squier','Boston, MA, US',1968,NULL),('ART4M471187B990ABC','Norman Connors','Philadelphia, PA, US',1967,NULL),('ART4QZC1187FB51612','Janet Jackson','Gary, IN',1973,NULL),('ART62WC1187FB47E80','Jim Jones','New York, NY',1997,NULL),('ART7MEI1187B99B8C6','Lloyd Charmers','Kingston, Saint Andrew, JM',1960,2000),('ART8W6R1187B999909','Boss','Sydney, New South Wales, AU',1979,1986),('ARTCFOK12E9676E396','Tyler, the Creator','Los Angeles, CA',2007,NULL),('ARTDH2A1187B98FD50','Portrait','Gothenburg, Sweden',2006,NULL),('ARTDQRC1187FB4EFD4','Black Eyed Peas','Los Angeles, CA',1992,NULL),('ARTE2FL1187FB51337','Lords of the Underground','Raleigh, NC, US',1990,NULL),('ARTE9CG1187B99B1AF','DMX','Baltimore, MD',1988,NULL),('ARTFDUD1187B9B8CA7','J.J. Fad','Los Angeles, CA, US',1985,NULL),('ARTFRJH12454A4D034','Ski Beatz','Greensboro, NC',1989,NULL),('ARTFZOY1187FB4656A','SWV','New York, NY',1990,NULL),('ARTG85X1187B99D1F5','The Isley Brothers','Cincinnati, OH ',1954,NULL),('ARTGG3C1187B98EC7D','Lexicon','Los Angeles, CA, US',1990,2010),('ARTH9041187FB43E1F','Eminem','detroit, MI',1992,NULL),('ARTIQEB1187B9ACD9C','Tom Tom Club','United States',1981,NULL),('ARTO1SU1187FB55BD2','Zombie Nation','Munich, Germany ',1998,NULL),('ARTOXOB1187B9B78C1','Digable Planets','Brooklyn, New York, NY, US',1992,2011),('ARTR6D91187FB57536','Truth Hurts','St. Louis, MO, US',1992,NULL),('ARTRQUJ1187B992ADD','Graham Central Station','San Francisco, CA, US',1973,1998),('ARTVUER1187FB3905B','Juvenile','New Orleans, LA, US',1991,NULL),('ARU2PH01187B9AC73D','Soul Hooligan','Brentwood, England, GB',2000,2010),('ARU9Q5Q1187FB3D6EB','Bobby Hutcherson','Los Angeles, CA, US',1963,NULL),('ARU9RQG1187FB4C74F','Q-Tip','New York City, NY',1988,NULL),('ARUACYU12420782B4D','Mullage','Atlanta, GA, US',2009,NULL),('ARUALR01187FB37AF5','Doug E. Fresh','New York, NY, US',1983,NULL),('ARUBDBK1187FB4D1B3','10cc','Stockport, England',1972,NULL),('ARUDRE01187FB4106D','Scotty','Westmoreland, JM',1951,2003),('ARUDYKB11F4C83C269','Lil Wayne','New Orleans, LA',1996,NULL),('ARUKOXH1187FB41701','Sister Nancy','Kingston, Jamaica',1982,2007),('ARULZ741187B9AD2EF','Elvis Presley','Memphis, TN',1953,1977),('ARUMGZN1187FB37125','Slick Rick','Bronx, NY',1982,NULL),('ARUN2OO1187B9A7BF3','Sting','Wallsend, UK',1981,NULL),('ARUP0001187FB39B04','Jefferson Airplane','San Francisco, CA',1965,1989),('ARUQ6301187FB54EBA','Salt-N-Pepa','New York, NY',1985,NULL),('ARUSLID12A10043D01','Vado','Harlem, NY',2000,NULL),('ARUVHYV12FA3238377','Ab-Soul','Carson, CA, US',2003,NULL),('ARV4MQQ1187FB515A3','Schoolly D','Philadelphia, PA, US',1984,NULL),('ARV6Z5I1187B9A22A8','Gucci Mane','Atlanta, GA',2005,NULL),('ARVBAW91187B9B7227','Reef the Lost Cauze','Philadelphia, PA, US',1998,NULL),('ARVCON51187FB482F5','Eroc','Rhode Island, US',1970,2000),('ARVEVAT1269FB36293','Blokkmonsta','Berlin, Germany',2005,NULL),('ARVFLIK1187B9AB8E9','Jackie Mittoo','Saint Ann, JM',1948,1990),('ARVGUIF1187FB3DFF2','WC','Poland',1981,NULL),('ARVKJGO12086C15075','LMFAO','Los Angeles, CA',2006,2012),('ARVKMD51187B99D66D','The Beatnuts','Queens, New York, NY, US',1989,NULL),('ARVKMMF133F5CF74A6','A$AP Rocky','Harlem, NY',2007,NULL),('ARVL39W1187B989514','Michel\'le','Compton, CA, US',1987,NULL),('ARVO3AB1187B9ADCB6','Omen','Los Angeles, CA, US',1983,NULL),('ARVP1TO1187B9A4A7A','Luther Vandross','New York, NY',1972,2005),('ARVT7941187B9AEB48','Barry White','Galveston, TX, US',1960,2003),('ARVTAI41187B9B8B67','Wu-Tang Clan','Staten Island, NY',1992,NULL),('ARVU2XO1187B9893DB','Donna Summer','Boston, MA',1968,2012),('ARVYL021187B9A86CF','Spoonie Gee','New York, NY, US',1978,NULL),('ARVYRVN12420780366','Notes to Self','Toronto, Ontario, CA',2000,NULL),('ARW15K31187B9AE845','Mos Def','Brooklyn, NY',1994,NULL),('ARW2AMZ1187FB381AC','Wilson Pickett','Detroit, MI',1955,2006),('ARW4XC11187B9B017F','Big L','Harlem, New York, NY, US',1990,1999),('ARW88GF1187B9B604C','DJ Kool','Washington, DC, US',1979,NULL),('ARW8F4B1187FB45EB4','Sublime','Long Beach, CA, US',1988,1996),('ARWA6NT1187FB3F15C','The Cure','Crawley, England, GB',1976,NULL),('ARWAYHU1187B9A36E5','The Miracles','Detroit, MI, US',1955,2011),('ARWCIEL1187FB42EF5','Beach House','Baltimore, MD, US',2004,NULL),('ARWFREB1187B98B09D','Kurious','New York, NY, US',1991,NULL),('ARWHM281187FB3D381','Souls of Mischief','Oakland, CA, US',1991,NULL),('ARWJFYS1187FB3F51F','The 45 King','East Orange, NJ, US',1980,1990),('ARWK5QH1187B9A9B7F','Justin Timberlake','Memphis, TN',1992,NULL),('ARWKPUC1187FB511DD','Jungle Brothers','New York, NY, US',1987,NULL),('ARWPZIE1187B9B7F82','Method Man','Long Island, NY, US',1992,NULL),('ARWR05M1187B9951A2','AC/DC','Sydney, New South Wales, AU',1973,NULL),('ARWROYX1187B9A14A7','Mark Morrison','Hannover, Germany',1993,NULL),('ARWSCGO1269FCD5E49','Hef','Chicago, IL, US',2010,NULL),('ARWVM0Q1187B9A2AFD','Mack 10','Inglewood, CA, US',1995,NULL),('ARWXOCW1187FB52224','The Alchemist','Beverly Hills, CA',1993,NULL),('ARX22VH1187B9954C6','Manzel','New York, NY, US',1970,1980),('ARX40461187B9ACE24','Makaveli','Oakland, CA, US',1988,1996),('ARX4G5N1187FB5BDC3','The Blackbyrds','Washington, DC, US',1973,NULL),('ARXFB7K1187B9B1E54','Missy Elliott','Portsmouth, VA',1990,NULL),('ARXGNJV1187B9B8962','Bar-Kays','Memphis, TN, US',1966,NULL),('ARXGWNG1187FB503A5','Ini Kamoze','Saint Mary, JM',1981,NULL),('ARXHGWB1187FB557F5','Soulja Boy','Chicago, IL, US',2005,NULL),('ARXI28B1187B98F65C','Giorgio Moroder','Italy',1965,NULL),('ARXK9ZB1187FB49D29','Audio Two','Brooklyn, New York, NY, US',1985,1992),('ARXOSRG1187FB4AE0D','Pharoahe Monch','Jamaica, NY',1987,NULL),('ARXOTQH1187FB57084','Chris Brown','Tappahannock, VA',2005,NULL),('ARXOXNS12086C11E2B','Die Antwoord','Cape Town, Western Cape, ZA',2008,NULL),('ARXPPEY1187FB51DF4','Michael Jackson','Gary, IN',1971,2009),('ARXSPAA14BEB94D0F4','Tinashe','Los Angeles, Ca',2011,NULL),('ARXWAQQ1187B9AE954','Redman','Newark, NJ, US',1990,NULL),('ARY3WQ11187B996027','Afro Jazz','France',2000,2010),('ARY6F4V1187B99AC0B','Bunny Sigler','Philadelphia, PA, US',1970,1990),('ARYAVBS1187FB5B46C','Miley Cyrus','Nashville, TN',2001,NULL),('ARYD07J1187FB57231','Lowell Fulson','Tulsa, OK, US',1946,1999),('ARYMBWO1187FB3B1F2','The Gap Band','Tulsa, OK, US',1967,2010),('ARYML1P1187B9AF39B','Devo','Akron, OH, US',1973,NULL),('ARYNWFO1250940B804','Meek Mill','Philadelphia, PA, US',2003,NULL),('ARYQSD01187B98D24D','Debbie Deb','United States',1980,2000),('ARYSJWK1187B9B32CE','Digital Underground','Oakland, CA',1987,2008),('ARYSPXP1187FB3A4DC','Lady Sovereign','Wembley, London, England',2003,2009),('ARYVZHB1271F573F3F','Childish Gambino','Stone Mountain, Georgia, US',2003,NULL),('ARYYFT91187FB50113','Black Moon','Brooklyn, New York, NY, US',1992,NULL),('ARZ3U2M1187B989ACB','Nas','Queensbridge, New York, NY, US',1991,NULL),('ARZ5H0P1187B98A1DD','Snoop Dogg','Long Beach, CA, US',1992,NULL),('ARZDLIK1269FB2E39E','French Montana','New York, NY',2002,NULL),('ARZE0AG1187FB5BF61','Five Stairsteps','Chicago, IL, US',1965,1981),('ARZEA421187FB5B5BA','Lee Michaels','Los Angeles, CA, US',1960,1990),('ARZER7I1187FB385AF','Dr. Dre','Los Angeles, CA, US',1984,NULL),('ARZF5231187B9AEF2B','Bobbi Humphrey','Marlin, TX, US',1971,NULL),('ARZH3SW1187B98C96E','Onyx','South Jamaica, New York, NY, US',1988,NULL),('ARZHBIR1187B991944','Jimmy Fallon','Saugerties, NY, US',1998,NULL),('ARZHZSA1187B988D1C','Meat Beat Manifesto','Swindon, England, GB',1987,NULL),('ARZKNHT1187FB4F5FD','Yellowman','Kingston, Jamaica',1974,NULL),('ARZLAUI1187FB5BE49','Marva Whitney','Kansas City, KS, US',1965,2000),('ARZLHMW12AF7DABF36','ZHU','los angeles, ca',2011,NULL),('ARZN0BZ1187B99F496','Neutral Milk Hotel','Ruston, LA, US',1989,2015),('ARZQ7QA1187B9AD08B','Prince','Minneapolis, MN, US',1976,NULL),('ARZQYSZ1187FB3AC39','Ghostface Killah','Staten Island, New York, NY, US',1992,NULL),('ARZSKZU1187FB4CE1E','TLC','Atlanta, GA',1990,NULL),('ARZWN6W1187FB3EF25','Company Flow','Brooklyn, New York, NY, US',1993,2012),('ARZWPWP1241B9CA793','Henry Mancini','Cleveland, OH',1946,1994),('ARZXTEY1187B9997A7','Juelz Santana','Harlem, NY',1995,NULL),('ARZYSCW1187FB52DF7','Marcos Valle','Rio De Janeiro, Brazil ',1963,NULL),('ARZZX5J1187B9979D3','MZ','Lyon, Rhone-Alpes, FR',2010,NULL);
/*!40000 ALTER TABLE `artist` ENABLE KEYS */;
UNLOCK TABLES;

--
-- Table structure for table `genre`
--

DROP TABLE IF EXISTS `genre`;
/*!40101 SET @saved_cs_client     = @@character_set_client */;
/*!40101 SET character_set_client = utf8 */;
CREATE TABLE `genre` (
  `artist_id` varchar(30) NOT NULL,
  `genre` varchar(30) DEFAULT NULL
) ENGINE=InnoDB DEFAULT CHARSET=latin1;
/*!40101 SET character_set_client = @saved_cs_client */;

--
-- Dumping data for table `genre`
--

LOCK TABLES `genre` WRITE;
/*!40000 ALTER TABLE `genre` DISABLE KEYS */;
INSERT INTO `genre` VALUES ('AREJQVO12C1DF51FFE','alternative hip hop'),('AREJQVO12C1DF51FFE','hip hop'),('AREJQVO12C1DF51FFE','pop rap'),('AREJQVO12C1DF51FFE','trap music'),('ARWCIEL1187FB42EF5','nu gaze'),('ARWCIEL1187FB42EF5','freak folk'),('ARWCIEL1187FB42EF5','chillwave'),('ARWCIEL1187FB42EF5','noise pop'),('ARWCIEL1187FB42EF5','dream pop'),('ARWCIEL1187FB42EF5','lo-fi'),('ARWCIEL1187FB42EF5','indie pop'),('ARWCIEL1187FB42EF5','slow core'),('ARWCIEL1187FB42EF5','indietronica'),('ARWCIEL1187FB42EF5','chamber pop'),('ARWCIEL1187FB42EF5','indie r&b'),('ARWCIEL1187FB42EF5','neo-psychedelic'),('ARWCIEL1187FB42EF5','indie rock'),('ARWCIEL1187FB42EF5','indie folk'),('ARODZUF11F4C841E1F','pop rap'),('ARODZUF11F4C841E1F','indie r&b'),('ARODZUF11F4C841E1F','alternative hip hop'),('ARODZUF11F4C841E1F','hip hop'),('ARKTTJV12592CDA07F','pop'),('ARKTTJV12592CDA07F','synthpop'),('ARKTTJV12592CDA07F','metropopolis'),('ARKTTJV12592CDA07F','indietronica'),('ARKTTJV12592CDA07F','dance pop'),('AR3JJGQ1187FB410B5','soul jazz'),('AR3JJGQ1187FB410B5','jazz funk'),('AR3JJGQ1187FB410B5','hard bop'),('AR3JJGQ1187FB410B5','jazz'),('AR3JJGQ1187FB410B5','bebop'),('AR3JJGQ1187FB410B5','cool jazz'),('AR3JJGQ1187FB410B5','jazz blues'),('AR3JJGQ1187FB410B5','contemporary post-bop'),('AR3JJGQ1187FB410B5','jazz christmas'),('AR3JJGQ1187FB410B5','jazz fusion'),('AR3JJGQ1187FB410B5','big band'),('ARVTAI41187B9B8B67','hardcore hip hop'),('ARVTAI41187B9B8B67','rap'),('ARVTAI41187B9B8B67','hip hop'),('ARVTAI41187B9B8B67','east coast hip hop'),('ARVTAI41187B9B8B67','gangster rap'),('ARDD00U1187B9AEB3F','detroit hip hop'),('ARDD00U1187B9AEB3F','pop rap'),('ARDD00U1187B9AEB3F','dirty south rap'),('ARDD00U1187B9AEB3F','hip hop'),('ARDD00U1187B9AEB3F','rap'),('ARDD00U1187B9AEB3F','gangster rap'),('ARDD00U1187B9AEB3F','southern hip hop'),('ARDD00U1187B9AEB3F','juggalo'),('ARDD00U1187B9AEB3F','crunk'),('ARTH9041187FB43E1F','detroit hip hop'),('ARTH9041187FB43E1F','hip hop'),('ARTH9041187FB43E1F','rap'),('ARO60NK1187FB49407','dance rock'),('ARO60NK1187FB49407','new romantic'),('ARO60NK1187FB49407','new wave'),('ARO60NK1187FB49407','art rock'),('ARO60NK1187FB49407','new wave pop'),('ARO60NK1187FB49407','synthpop'),('ARE88TD1187FB4475B','easy listening'),('ARE88TD1187FB4475B','big band'),('ARE88TD1187FB4475B','swing'),('ARPBTRI1187FB52457','gangster rap'),('ARPBTRI1187FB52457','pop rap'),('ARPBTRI1187FB52457','hip hop'),('ARPBTRI1187FB52457','rap'),('ARPBTRI1187FB52457','alternative hip hop'),('ARQ6TTV1187B99379E','pop rap'),('ARQ6TTV1187B99379E','trap music'),('ARQ6TTV1187B99379E','hip hop'),('ARQ6TTV1187B99379E','southern hip hop'),('ARQ6TTV1187B99379E','dirty south rap'),('ARQ6TTV1187B99379E','hip pop'),('ARQ6TTV1187B99379E','alternative hip hop'),('ARQ6TTV1187B99379E','crunk'),('ARQ6TTV1187B99379E','rap'),('ARKFC2X1187B9A03DC','noise rock'),('ARKFC2X1187B9A03DC','noise pop'),('ARKFC2X1187B9A03DC','experimental rock'),('ARKFC2X1187B9A03DC','dance-punk'),('ARLTCGU13798C212D5','alternative hip hop'),('ARLTCGU13798C212D5','trap music'),('ARLTCGU13798C212D5','hip hop'),('ARSZ6MA1187FB43D29','rap'),('ARSZ6MA1187FB43D29','hip hop'),('ARSZ6MA1187FB43D29','gangster rap'),('ARSZ6MA1187FB43D29','hardcore hip hop'),('ARSZ6MA1187FB43D29','pop rap'),('ARW15K31187B9AE845','hip hop'),('ARW15K31187B9AE845','rap'),('ARW15K31187B9AE845','underground hip hop'),('ARW15K31187B9AE845','east coast hip hop'),('ARW15K31187B9AE845','hardcore hip hop'),('ARW15K31187B9AE845','alternative hip hop'),('ARW15K31187B9AE845','pop rap'),('ARRDLVE1187FB48F11','funk rock'),('ARRDLVE1187FB48F11','classic funk rock'),('ARRDLVE1187FB48F11','soul'),('ARRDLVE1187FB48F11','funk'),('ARRDLVE1187FB48F11','soul christmas'),('ARRDLVE1187FB48F11','southern soul'),('ARRDLVE1187FB48F11','soul blues'),('ARRDLVE1187FB48F11','deep funk'),('ARARH0C1187B99E149','ninja'),('ARARH0C1187B99E149','downtempo'),('ARARH0C1187B99E149','turntablism'),('ARARH0C1187B99E149','trip hop'),('ARARH0C1187B99E149','nu jazz'),('ARARH0C1187B99E149','chill-out'),('ARARH0C1187B99E149','wonky'),('ARJFBZ41187FB560A0','hip hop'),('ARJFBZ41187FB560A0','old school hip hop'),('ARJFBZ41187FB560A0','rap'),('ARJFBZ41187FB560A0','east coast hip hop'),('ARJFBZ41187FB560A0','hardcore hip hop'),('ARJFBZ41187FB560A0','underground hip hop'),('ARJFBZ41187FB560A0','acid jazz'),('ARJFBZ41187FB560A0','rap rock'),('ARGKQH91187FB59B29','jazz funk'),('ARHZCG01187B99E4DE','jazz fusion'),('ARHZCG01187B99E4DE','jazz funk'),('ARHZCG01187B99E4DE','jazz christmas'),('AR0D3LM1187B9B9592','east coast hip hop'),('ARVYL021187B9A86CF','electro'),('ARVYL021187B9A86CF','old school hip hop'),('ARVYL021187B9A86CF','rap'),('ARJG03W1187B9950C3','east coast hip hop'),('ARJG03W1187B9950C3','hardcore hip hop'),('ARJG03W1187B9950C3','old school hip hop'),('ARJG03W1187B9950C3','rap'),('ARJG03W1187B9950C3','hip hop'),('ARW8F4B1187FB45EB4','ska punk'),('ARW8F4B1187FB45EB4','ska'),('ARW8F4B1187FB45EB4','punk'),('ARJQVBE1187FB3D623','jazz funk'),('ARJQVBE1187FB3D623','soul jazz'),('ARJQVBE1187FB3D623','latin jazz'),('ARJQVBE1187FB3D623','jazz'),('ARJQVBE1187FB3D623','cool jazz'),('ARJQVBE1187FB3D623','bebop'),('ARLHO5Z1187FB4C861','old school hip hop'),('ARLHO5Z1187FB4C861','hip hop'),('ARLHO5Z1187FB4C861','rap'),('ARLHO5Z1187FB4C861','rap rock'),('ARXGWNG1187FB503A5','dancehall'),('ARXGWNG1187FB503A5','world christmas'),('ARXGWNG1187FB503A5','roots reggae'),('ARXGWNG1187FB503A5','lovers rock'),('ARXGWNG1187FB503A5','reggae fusion'),('ARXGWNG1187FB503A5','reggae'),('ARXGWNG1187FB503A5','dub'),('ARFIDHF12496DAB7E1','alternative hip hop'),('ARFIDHF12496DAB7E1','pop rap'),('ARFIDHF12496DAB7E1','trap music'),('ARFIDHF12496DAB7E1','indie r&b'),('ARFIDHF12496DAB7E1','hip hop'),('ARIA2JA1187B9B5C0C','east coast hip hop'),('ARIA2JA1187B9B5C0C','hardcore hip hop'),('ARIA2JA1187B9B5C0C','rap'),('ARIA2JA1187B9B5C0C','old school hip hop'),('ARIA2JA1187B9B5C0C','hip hop'),('ARZQ7QA1187B9AD08B','funk rock'),('ARZQ7QA1187B9AD08B','classic funk rock'),('ARZQ7QA1187B9AD08B','funk'),('ARZQ7QA1187B9AD08B','soul christmas'),('AR1PTQ01187FB5776E','swing'),('AR1PTQ01187FB5776E','big band'),('AR1PTQ01187FB5776E','new orleans jazz'),('AR1PTQ01187FB5776E','stride'),('AREVN1B1187B9944B2','underground hip hop'),('AREVN1B1187B9944B2','detroit hip hop'),('AREVN1B1187B9944B2','alternative hip hop'),('AREVN1B1187B9944B2','hip hop'),('ARUBDBK1187FB4D1B3','glam rock'),('ARUBDBK1187FB4D1B3','art rock'),('ARUBDBK1187FB4D1B3','soft rock'),('ARUBDBK1187FB4D1B3','progressive rock'),('ARUBDBK1187FB4D1B3','album rock'),('ARUBDBK1187FB4D1B3','symphonic rock'),('ARUBDBK1187FB4D1B3','mellow gold'),('ARUBDBK1187FB4D1B3','rock'),('ARPFXNI1187B9A4C9D','laboratorio'),('ARPFXNI1187B9A4C9D','outsider'),('ARPFXNI1187B9A4C9D','hauntology'),('ARPFXNI1187B9A4C9D','musique concrete'),('ARPFXNI1187B9A4C9D','acousmatic'),('ARPFXNI1187B9A4C9D','minimal'),('ARPFXNI1187B9A4C9D','exotica'),('ARPFXNI1187B9A4C9D','experimental'),('ARPFXNI1187B9A4C9D','drone'),('ARONUSR1187B98DE3F','electro'),('ARONUSR1187B98DE3F','hip house'),('ARONUSR1187B98DE3F','old school hip hop'),('ARONUSR1187B98DE3F','rap'),('AR23C041187FB4D534','pop rap'),('AR23C041187FB4D534','rap'),('AR23C041187FB4D534','hip hop'),('ARJ56D11187B9B3846','classic funk rock'),('ARJ56D11187B9B3846','p funk'),('ARJ56D11187B9B3846','funk'),('ARJ56D11187B9B3846','funk rock'),('ARJ56D11187B9B3846','soul'),('ARJ56D11187B9B3846','deep funk'),('ARJ56D11187B9B3846','quiet storm'),('ARJ56D11187B9B3846','motown'),('ARLSBV11187B99D578','electro'),('AR6OCQF1187B9A1E3F','electro'),('AR6OCQF1187B9A1E3F','old school hip hop'),('ARITVFG1269FB34AF1','alternative hip hop'),('ARITVFG1269FB34AF1','east coast hip hop'),('ARR6LWJ1187FB44C8B','permanent wave'),('ARR6LWJ1187FB44C8B','alternative rock'),('ARR6LWJ1187FB44C8B','jangle pop'),('ARR6LWJ1187FB44C8B','pop rock'),('ARR6LWJ1187FB44C8B','singer-songwriter'),('ARR6LWJ1187FB44C8B','rock'),('ARR6LWJ1187FB44C8B','pop christmas'),('ARR6LWJ1187FB44C8B','folk christmas'),('AROH0Y91187FB5B3BA','old school hip hop'),('AROH0Y91187FB5B3BA','rap'),('AROH0Y91187FB5B3BA','hip hop'),('AROH0Y91187FB5B3BA','gangster rap'),('AROH0Y91187FB5B3BA','g funk'),('AROH0Y91187FB5B3BA','west coast rap'),('AROH0Y91187FB5B3BA','juggalo'),('AROH0Y91187FB5B3BA','hardcore hip hop'),('ARWXOCW1187FB52224','alternative hip hop'),('ARWXOCW1187FB52224','underground hip hop'),('ARWXOCW1187FB52224','east coast hip hop'),('ARWXOCW1187FB52224','hardcore hip hop'),('AROMOVD12AA0D8B6A5','disco'),('AROMOVD12AA0D8B6A5','funk'),('AROMOVD12AA0D8B6A5','classic funk rock'),('AROMOVD12AA0D8B6A5','post-disco'),('AROMOVD12AA0D8B6A5','quiet storm'),('AROMOVD12AA0D8B6A5','funk rock'),('AROMOVD12AA0D8B6A5','motown'),('AROMOVD12AA0D8B6A5','soul'),('ARMJXRP1187FB461A0','funk'),('ARMJXRP1187FB461A0','classic funk rock'),('ARMJXRP1187FB461A0','funk rock'),('ARMJXRP1187FB461A0','p funk'),('ARMJXRP1187FB461A0','soul'),('ARMJXRP1187FB461A0','quiet storm'),('ARMJXRP1187FB461A0','disco'),('ARMJXRP1187FB461A0','memphis soul'),('ARMJXRP1187FB461A0','motown'),('ARMJXRP1187FB461A0','post-disco'),('ARMJXRP1187FB461A0','southern soul'),('ARMJXRP1187FB461A0','chicago soul'),('ARLAEJO1187B98DB85','old school hip hop'),('ARLAEJO1187B98DB85','rap'),('ARLAEJO1187B98DB85','hardcore hip hop'),('ARLAEJO1187B98DB85','east coast hip hop'),('ARLAEJO1187B98DB85','hip hop'),('ARLAEJO1187B98DB85','deep east coast hip hop'),('ARLAEJO1187B98DB85','gangster rap'),('ARSXECA11F4C83D67F','classical'),('ARSXECA11F4C83D67F','romantic'),('ARSXECA11F4C83D67F','classical christmas'),('ARMDBW21187FB37126','old school hip hop'),('ARMDBW21187FB37126','electro'),('ARMDBW21187FB37126','hip hop'),('ARMDBW21187FB37126','rap'),('ARMDBW21187FB37126','turntablism'),('ARMDBW21187FB37126','hardcore hip hop'),('ARMDBW21187FB37126','east coast hip hop'),('ARQLWL91187FB3A3C0','hollywood'),('ARQLWL91187FB3A3C0','show tunes'),('ARQLWL91187FB3A3C0','cabaret'),('ARKOISX11E2835CA39','alternative hip hop'),('ARKOISX11E2835CA39','trap music'),('ARKOISX11E2835CA39','pop rap'),('ARKOISX11E2835CA39','dirty south rap'),('ARKOISX11E2835CA39','southern hip hop'),('ARKOISX11E2835CA39','crunk'),('ARKOISX11E2835CA39','hip hop'),('ARKOISX11E2835CA39','gangster rap'),('ARVT7941187B9AEB48','quiet storm'),('ARVT7941187B9AEB48','disco'),('ARVT7941187B9AEB48','soul'),('ARVT7941187B9AEB48','motown'),('ARVT7941187B9AEB48','funk'),('ARVT7941187B9AEB48','classic funk rock'),('ARVT7941187B9AEB48','funk rock'),('ARVT7941187B9AEB48','soul blues'),('ARVT7941187B9AEB48','urban contemporary'),('AR96LYR1187B9ABABD','new wave pop'),('AR96LYR1187B9ABABD','urban contemporary'),('ARZER7I1187FB385AF','hip hop'),('ARZER7I1187FB385AF','gangster rap'),('ARZER7I1187FB385AF','rap'),('ARZER7I1187FB385AF','g funk'),('ARZER7I1187FB385AF','pop rap'),('ARZER7I1187FB385AF','west coast rap'),('AR1ZYLH1187B98C159','rap'),('AR1ZYLH1187B98C159','hardcore hip hop'),('AR1ZYLH1187B98C159','hip hop'),('AR1ZYLH1187B98C159','old school hip hop'),('AR1ZYLH1187B98C159','east coast hip hop'),('AR1ZYLH1187B98C159','gangster rap'),('AR1ZYLH1187B98C159','juggalo'),('AR1ZYLH1187B98C159','g funk'),('AR1ZYLH1187B98C159','underground hip hop'),('ARUALR01187FB37AF5','old school hip hop'),('ARUALR01187FB37AF5','electro'),('ARUALR01187FB37AF5','rap'),('ARUALR01187FB37AF5','hip hop'),('ARH39ZK1187B9ABC22','mashup'),('ARH39ZK1187B9ABC22','indietronica'),('AR040M31187B98CA41','dubstep'),('AR040M31187B98CA41','bass music'),('AR040M31187B98CA41','illbient'),('AR040M31187B98CA41','ninja'),('AR040M31187B98CA41','breakcore'),('AR7OA5G1187B98D3A0','chamber pop'),('AR7OA5G1187B98D3A0','indie christmas'),('AR7OA5G1187B98D3A0','indie folk'),('AR7OA5G1187B98D3A0','indie pop'),('AR7OA5G1187B98D3A0','freak folk'),('AR7OA5G1187B98D3A0','stomp and holler'),('AR7OA5G1187B98D3A0','indie rock'),('AR7OA5G1187B98D3A0','folk christmas'),('AR7OA5G1187B98D3A0','folk-pop'),('AR7OA5G1187B98D3A0','lo-fi'),('AR7OA5G1187B98D3A0','pop christmas'),('AR7OA5G1187B98D3A0','singer-songwriter'),('ARWA6NT1187FB3F15C','permanent wave'),('ARWA6NT1187FB3F15C','new wave'),('ARWA6NT1187FB3F15C','uk post-punk'),('ARSB6YK1187B99A56F','old school hip hop'),('ARQ80SJ1187B9ACE44','comedy'),('ARQ80SJ1187B9ACE44','comic'),('AROVZAK1187B9BA3F7','new jack swing'),('AROVZAK1187B9BA3F7','boy band'),('AROVZAK1187B9BA3F7','soul christmas'),('AROVZAK1187B9BA3F7','urban contemporary'),('AROVZAK1187B9BA3F7','pop christmas'),('AROVZAK1187B9BA3F7','quiet storm'),('ARQUN9K1187B9B5BD7','juggalo'),('ARQUN9K1187B9B5BD7','rap rock'),('ARQUN9K1187B9B5BD7','old school hip hop'),('ARFCWSZ123526A0AFD','teen pop'),('ARFCWSZ123526A0AFD','pop'),('ARFCWSZ123526A0AFD','dance pop'),('ARFCWSZ123526A0AFD','pop christmas'),('ARDNZL61187B98F42D','reggae fusion'),('ARZQYSZ1187FB3AC39','hardcore hip hop'),('ARZQYSZ1187FB3AC39','east coast hip hop'),('ARZQYSZ1187FB3AC39','rap'),('ARZQYSZ1187FB3AC39','hip hop'),('ARZQYSZ1187FB3AC39','underground hip hop'),('ARZQYSZ1187FB3AC39','alternative hip hop'),('ARW2AMZ1187FB381AC','southern soul'),('ARW2AMZ1187FB381AC','memphis soul'),('ARW2AMZ1187FB381AC','soul'),('ARW2AMZ1187FB381AC','soul blues'),('ARW2AMZ1187FB381AC','chicago soul'),('ARW2AMZ1187FB381AC','motown'),('ARW2AMZ1187FB381AC','jazz blues'),('ARW2AMZ1187FB381AC','classic funk rock'),('ARW2AMZ1187FB381AC','funk rock'),('ARW2AMZ1187FB381AC','funk'),('ARW2AMZ1187FB381AC','quiet storm'),('ARWSCGO1269FCD5E49','dutch hip hop'),('ARETYWJ11F919A7829','glitch hop'),('ARETYWJ11F919A7829','ninja'),('ARETYWJ11F919A7829','downtempo'),('ARETYWJ11F919A7829','trip hop'),('ARETYWJ11F919A7829','nu jazz'),('ARETYWJ11F919A7829','turntablism'),('ARYML1P1187B9AF39B','zolo'),('ARYML1P1187B9AF39B','post-punk'),('ARYML1P1187B9AF39B','dance rock'),('ARYML1P1187B9AF39B','new wave'),('ARYML1P1187B9AF39B','uk post-punk'),('ARYML1P1187B9AF39B','experimental rock'),('ARYML1P1187B9AF39B','protopunk'),('ARYML1P1187B9AF39B','art rock'),('ARYML1P1187B9AF39B','glam rock'),('ARYML1P1187B9AF39B','punk'),('ARYML1P1187B9AF39B','synthpop'),('ARYSPXP1187FB3A4DC','grime'),('ARYSPXP1187FB3A4DC','uk garage'),('AR0NZW11187FB4800E','bmore'),('ARKYSRT1241B9C5049','bmore'),('ARKYSRT1241B9C5049','moombahton'),('ARXOTQH1187FB57084','dance pop'),('ARXOTQH1187FB57084','r&b'),('ARXOTQH1187FB57084','urban contemporary'),('ARXOTQH1187FB57084','pop'),('ARXOTQH1187FB57084','pop christmas'),('ARXOTQH1187FB57084','soul christmas'),('ARXPPEY1187FB51DF4','dance pop'),('ARXPPEY1187FB51DF4','pop christmas'),('ARXPPEY1187FB51DF4','pop'),('ARTFZOY1187FB4656A','new jack swing'),('ARTFZOY1187FB4656A','urban contemporary'),('ARTFZOY1187FB4656A','soul christmas'),('ARTFZOY1187FB4656A','r&b'),('ARTFZOY1187FB4656A','hip pop'),('ARTFZOY1187FB4656A','pop christmas'),('ARTFZOY1187FB4656A','neo soul'),('ARDSWIE1187FB39056','east coast hip hop'),('ARDSWIE1187FB39056','hardcore hip hop'),('ARDSWIE1187FB39056','hip hop'),('ARDSWIE1187FB39056','rap'),('ARDSWIE1187FB39056','old school hip hop'),('ARDSWIE1187FB39056','underground hip hop'),('ARDSWIE1187FB39056','turntablism'),('ARDSWIE1187FB39056','gangster rap'),('ARDSWIE1187FB39056','alternative hip hop'),('ARC2XR11187FB5CC95','alternative rock'),('ARC2XR11187FB5CC95','permanent wave'),('ARC2XR11187FB5CC95','indie christmas'),('ARC2XR11187FB5CC95','lo-fi'),('ARC2XR11187FB5CC95','indie rock'),('ARC2XR11187FB5CC95','anti-folk'),('ARC2XR11187FB5CC95','folk christmas'),('ARZEA421187FB5B5BA','psychedelic rock'),('ARZEA421187FB5B5BA','classic rock'),('ARZEA421187FB5B5BA','southern rock'),('ARZEA421187FB5B5BA','country rock'),('ARZEA421187FB5B5BA','bubblegum pop'),('ARZEA421187FB5B5BA','soft rock'),('AR7FZ7W1187B9A5D13','smooth jazz'),('AR7FZ7W1187B9A5D13','jazz funk'),('AR7FZ7W1187B9A5D13','jazz christmas'),('AR7FZ7W1187B9A5D13','jazz fusion'),('AR4DXUD1187FB4A9FD','chicago soul'),('AR4DXUD1187FB4A9FD','memphis soul'),('AR4DXUD1187FB4A9FD','southern soul'),('AR4DXUD1187FB4A9FD','motown'),('AR4DXUD1187FB4A9FD','soul'),('AR9WTG51187FB5C7C5','r&b'),('AR9WTG51187FB5C7C5','hip pop'),('AR9WTG51187FB5C7C5','urban contemporary'),('AR9WTG51187FB5C7C5','soul christmas'),('AR9WTG51187FB5C7C5','pop christmas'),('ARZN0BZ1187B99F496','lo-fi'),('ARZN0BZ1187B99F496','e6fi'),('ARZN0BZ1187B99F496','indie rock'),('ARZN0BZ1187B99F496','neo-psychedelic'),('ARZN0BZ1187B99F496','chamber pop'),('ARZN0BZ1187B99F496','athens indie'),('ARZN0BZ1187B99F496','freak folk'),('ARZN0BZ1187B99F496','indie folk'),('ARZN0BZ1187B99F496','indie pop'),('ARZN0BZ1187B99F496','noise pop'),('ARZN0BZ1187B99F496','stomp and holler'),('ARZN0BZ1187B99F496','slow core'),('ARZN0BZ1187B99F496','alternative rock'),('ARHTHC01187B9B6D2A','soft rock'),('ARHTHC01187B9B6D2A','mellow gold'),('ARHTHC01187B9B6D2A','soul christmas'),('ARHTHC01187B9B6D2A','quiet storm'),('ARHTHC01187B9B6D2A','pop christmas'),('ARZXTEY1187B9997A7','pop rap'),('ARZXTEY1187B9997A7','trap music'),('ARZXTEY1187B9997A7','southern hip hop'),('ARZXTEY1187B9997A7','crunk'),('ARZXTEY1187B9997A7','dirty south rap'),('ARZXTEY1187B9997A7','alternative hip hop'),('ARZXTEY1187B9997A7','hip hop'),('ARZXTEY1187B9997A7','gangster rap'),('ARZXTEY1187B9997A7','pop christmas'),('ARNF6401187FB57032','new wave pop'),('ARNF6401187FB57032','lilith'),('ARNF6401187FB57032','folk-pop'),('ARNF6401187FB57032','pop rock'),('ARNF6401187FB57032','singer-songwriter'),('ARUP0001187FB39B04','psychedelic rock'),('ARUP0001187FB39B04','classic rock'),('ARUP0001187FB39B04','folk rock'),('ARUP0001187FB39B04','protopunk'),('ARUP0001187FB39B04','british blues'),('ARUP0001187FB39B04','blues-rock'),('ARUP0001187FB39B04','roots rock'),('ARUP0001187FB39B04','album rock'),('ARUP0001187FB39B04','rock'),('ARUP0001187FB39B04','mellow gold'),('ARZWPWP1241B9CA793','easy listening'),('ARZWPWP1241B9CA793','lounge'),('ARZWPWP1241B9CA793','adult standards'),('ARZWPWP1241B9CA793','soundtrack'),('ARZWPWP1241B9CA793','christmas'),('ARHW3XF1187FB42F2B','funk'),('ARHW3XF1187FB42F2B','classic funk rock'),('ARHW3XF1187FB42F2B','funk rock'),('ARHW3XF1187FB42F2B','post-disco'),('ARHW3XF1187FB42F2B','quiet storm'),('ARHW3XF1187FB42F2B','disco'),('ARHW3XF1187FB42F2B','soul'),('AR1Q25M1187B9B0D73','hip hop'),('AR1Q25M1187B9B0D73','old school hip hop'),('AR1Q25M1187B9B0D73','rap'),('AR1Q25M1187B9B0D73','underground hip hop'),('AR1Q25M1187B9B0D73','hardcore hip hop'),('AR1Q25M1187B9B0D73','east coast hip hop'),('AR1Q25M1187B9B0D73','alternative hip hop'),('AR1Q25M1187B9B0D73','acid jazz'),('AR1Q25M1187B9B0D73','pop rap'),('AR8ZXTS1187B9A377E','deep disco'),('AR8ZXTS1187B9A377E','post-disco'),('ARZE0AG1187FB5BF61','chicago soul'),('ARZE0AG1187FB5BF61','motown'),('ARZE0AG1187FB5BF61','soul'),('ARZE0AG1187FB5BF61','southern soul'),('ARZE0AG1187FB5BF61','memphis soul'),('ARZE0AG1187FB5BF61','quiet storm'),('ARWKPUC1187FB511DD','old school hip hop'),('ARWKPUC1187FB511DD','hip hop'),('ARWKPUC1187FB511DD','rap'),('ARWKPUC1187FB511DD','east coast hip hop'),('ARWKPUC1187FB511DD','acid jazz'),('ARWKPUC1187FB511DD','turntablism'),('ARWKPUC1187FB511DD','hardcore hip hop'),('ARWKPUC1187FB511DD','hip house'),('AREGC1Z1187B995A90','underground hip hop'),('AREGC1Z1187B995A90','hip hop'),('AREGC1Z1187B995A90','turntablism'),('AREGC1Z1187B995A90','rap'),('AREGC1Z1187B995A90','old school hip hop'),('AREGC1Z1187B995A90','alternative hip hop'),('AREGC1Z1187B995A90','rap rock'),('AREGC1Z1187B995A90','east coast hip hop'),('AREGC1Z1187B995A90','hardcore hip hop'),('AR5JUO91187FB4E90B','jazz funk'),('AR5JUO91187FB4E90B','soul jazz'),('AR5JUO91187FB4E90B','jazz christmas'),('AR5JUO91187FB4E90B','smooth jazz'),('ARSQDUN1187B98D7D7','east coast hip hop'),('ARSQDUN1187B98D7D7','hardcore hip hop'),('ARSQDUN1187B98D7D7','rap'),('ARSQDUN1187B98D7D7','old school hip hop'),('ARSQDUN1187B98D7D7','hip hop'),('ARSQDUN1187B98D7D7','underground hip hop'),('ARSQDUN1187B98D7D7','gangster rap'),('AR0CANF1187B9AF35F','underground hip hop'),('AR0CANF1187B9AF35F','turntablism'),('AR0CANF1187B9AF35F','east coast hip hop'),('AR0CANF1187B9AF35F','alternative hip hop'),('AR0CANF1187B9AF35F','hip hop'),('AR0CANF1187B9AF35F','hardcore hip hop'),('AR0CANF1187B9AF35F','rap'),('ARKQ9JM1187FB57521','east coast hip hop'),('ARKQ9JM1187FB57521','hardcore hip hop'),('ARKQ9JM1187FB57521','rap'),('ARKQ9JM1187FB57521','hip hop'),('ARKQ9JM1187FB57521','old school hip hop'),('ARKQ9JM1187FB57521','alternative hip hop'),('ARKQ9JM1187FB57521','underground hip hop'),('ARCZ5JJ1187FB3E221','memphis soul'),('ARCZ5JJ1187FB3E221','southern soul'),('ARCZ5JJ1187FB3E221','soul blues'),('ARCZ5JJ1187FB3E221','soul christmas'),('ARCZ5JJ1187FB3E221','soul'),('ARQUKB81187B9A0010','big beat'),('ARQUKB81187B9A0010','electronic'),('ARQUKB81187B9A0010','house'),('ARAF2I21187FB4CE77','funk'),('ARAF2I21187FB4CE77','classic funk rock'),('ARAF2I21187FB4CE77','funk rock'),('ARAF2I21187FB4CE77','jazz funk'),('ARAF2I21187FB4CE77','disco'),('ARAF2I21187FB4CE77','quiet storm'),('ARAF2I21187FB4CE77','soul'),('ARAF2I21187FB4CE77','post-disco'),('ARAF2I21187FB4CE77','motown'),('ARFCUN31187B9AD578','british blues'),('ARFCUN31187B9AD578','classic rock'),('ARFCUN31187B9AD578','blues-rock'),('ARFCUN31187B9AD578','rock'),('ARLH5FC1187B988F93','dancehall'),('ARVEVAT1269FB36293','german hip hop'),('ARLGIX31187B9AE9A0','pop rap'),('ARLGIX31187B9AE9A0','hip hop'),('ARLGIX31187B9AE9A0','rap'),('ARZ5H0P1187B98A1DD','gangster rap'),('ARZ5H0P1187B98A1DD','g funk'),('ARZ5H0P1187B98A1DD','west coast rap'),('ARZ5H0P1187B98A1DD','hip hop'),('ARZ5H0P1187B98A1DD','rap'),('ARZ5H0P1187B98A1DD','pop rap'),('ARZ5H0P1187B98A1DD','pop christmas'),('ARKAI6D1187B98A539','old school hip hop'),('ARKAI6D1187B98A539','rap'),('ARKAI6D1187B98A539','hip hop'),('ARKAI6D1187B98A539','hardcore hip hop'),('ARKAI6D1187B98A539','east coast hip hop'),('ARKAI6D1187B98A539','gangster rap'),('ARWPZIE1187B9B7F82','rap'),('ARWPZIE1187B9B7F82','hardcore hip hop'),('ARWPZIE1187B9B7F82','hip hop'),('ARWPZIE1187B9B7F82','east coast hip hop'),('ARWPZIE1187B9B7F82','gangster rap'),('ARWPZIE1187B9B7F82','old school hip hop'),('ARWPZIE1187B9B7F82','rap rock'),('ARNDL191187FB51583','blues-rock'),('ARNDL191187FB51583','classic rock'),('ARNDL191187FB51583','psychedelic rock'),('ARNDL191187FB51583','rock'),('ARNDL191187FB51583','classic funk rock'),('ARNHMFD1187FB3B3F6','hip hop'),('ARNHMFD1187FB3B3F6','rap'),('ARNHMFD1187FB3B3F6','old school hip hop'),('ARNHMFD1187FB3B3F6','hardcore hip hop'),('ARNHMFD1187FB3B3F6','gangster rap'),('ARNHMFD1187FB3B3F6','pop rap'),('ARQY01R1187FB3F57E','hardcore hip hop'),('ARQY01R1187FB3F57E','rap'),('ARQY01R1187FB3F57E','east coast hip hop'),('ARQY01R1187FB3F57E','old school hip hop'),('ARQY01R1187FB3F57E','hip hop'),('ARQY01R1187FB3F57E','turntablism'),('AR7XILV1187FB4416D','soul jazz'),('AR7XILV1187FB4416D','hard bop'),('AR7XILV1187FB4416D','jazz funk'),('AR7XILV1187FB4416D','bebop'),('AR7XILV1187FB4416D','contemporary post-bop'),('AR7XILV1187FB4416D','jazz christmas'),('ARYD07J1187FB57231','memphis blues'),('ARYD07J1187FB57231','soul blues'),('ARYD07J1187FB57231','jazz blues'),('ARYD07J1187FB57231','texas blues'),('ARYD07J1187FB57231','jump blues'),('ARYD07J1187FB57231','louisiana blues'),('ARYD07J1187FB57231','blues'),('ARYD07J1187FB57231','chicago blues'),('ARYD07J1187FB57231','piano blues'),('ARYD07J1187FB57231','new orleans blues'),('ARYD07J1187FB57231','electric blues'),('ARYD07J1187FB57231','traditional blues'),('ARYD07J1187FB57231','delta blues'),('ARYD07J1187FB57231','swamp blues'),('ARYD07J1187FB57231','acoustic blues'),('ARYD07J1187FB57231','harmonica blues'),('ARYD07J1187FB57231','modern blues'),('ARYD07J1187FB57231','country blues'),('ARYD07J1187FB57231','piedmont blues'),('ARYD07J1187FB57231','jazz christmas'),('ARVP1TO1187B9A4A7A','quiet storm'),('ARVP1TO1187B9A4A7A','soul christmas'),('ARVP1TO1187B9A4A7A','urban contemporary'),('ARVP1TO1187B9A4A7A','soul'),('ARVP1TO1187B9A4A7A','funk'),('ARVP1TO1187B9A4A7A','neo soul'),('ARVP1TO1187B9A4A7A','motown'),('ARVP1TO1187B9A4A7A','classic funk rock'),('ARVP1TO1187B9A4A7A','r&b'),('ARVP1TO1187B9A4A7A','dance pop'),('ARVP1TO1187B9A4A7A','funk rock'),('ARAADXM1187FB3ECDB','underground hip hop'),('ARAADXM1187FB3ECDB','rap rock'),('ARAADXM1187FB3ECDB','alternative hip hop'),('ARHH3WR1187B9B6B1D','australian hip hop'),('ARVBAW91187B9B7227','underground rap'),('AR49IQD1187FB37EA7','juggalo'),('AR49IQD1187FB37EA7','gangster rap'),('AR49IQD1187FB37EA7','g funk'),('AR49IQD1187FB37EA7','west coast rap'),('AR49IQD1187FB37EA7','hip hop'),('AR49IQD1187FB37EA7','rap'),('AR49IQD1187FB37EA7','detroit hip hop'),('AR49IQD1187FB37EA7','pop rap'),('AR49IQD1187FB37EA7','dirty south rap'),('AR49IQD1187FB37EA7','hardcore hip hop'),('ARNMKV91187FB4CD3F','hardcore hip hop'),('ARTFDUD1187B9B8CA7','electro'),('ARTFDUD1187B9B8CA7','miami bass'),('ARTFDUD1187B9B8CA7','old school hip hop'),('ARTFDUD1187B9B8CA7','freestyle'),('ARGLETV1187FB527A1','g funk'),('ARGLETV1187FB527A1','west coast rap'),('ARGLETV1187FB527A1','gangster rap'),('ARGLETV1187FB527A1','juggalo'),('ARIK43K1187B9AE54C','quiet storm'),('ARIK43K1187B9AE54C','soul christmas'),('ARIK43K1187B9AE54C','soft rock'),('ARIK43K1187B9AE54C','soul'),('ARIK43K1187B9AE54C','mellow gold'),('ARQMWPF1187FB536C3','east coast hip hop'),('ARQMWPF1187FB536C3','hardcore hip hop'),('ARQMWPF1187FB536C3','rap'),('ARQMWPF1187FB536C3','deep east coast hip hop'),('ARQMWPF1187FB536C3','old school hip hop'),('ARQMWPF1187FB536C3','hip hop'),('ARZH3SW1187B98C96E','hardcore hip hop'),('ARZH3SW1187B98C96E','rap'),('ARZH3SW1187B98C96E','east coast hip hop'),('ARZH3SW1187B98C96E','old school hip hop'),('ARZH3SW1187B98C96E','hip hop'),('ARZH3SW1187B98C96E','gangster rap'),('ARZH3SW1187B98C96E','rap rock'),('ARZH3SW1187B98C96E','juggalo'),('ARP6LVF1187B99F943','deep east coast hip hop'),('ARP6LVF1187B99F943','east coast hip hop'),('ARP6LVF1187B99F943','hardcore hip hop'),('AR72OEM1187FB43E2A','old school hip hop'),('AR72OEM1187FB43E2A','rap'),('AR72OEM1187FB43E2A','hip hop'),('AR72OEM1187FB43E2A','east coast hip hop'),('AR72OEM1187FB43E2A','hardcore hip hop'),('ARIWGS71187B993991','east coast hip hop'),('ARIWGS71187B993991','hardcore hip hop'),('ARIWGS71187B993991','deep east coast hip hop'),('ARKR0111187B99FD2A','urban contemporary'),('ARKR0111187B99FD2A','r&b'),('ARKR0111187B99FD2A','pop christmas'),('ARKR0111187B99FD2A','hip pop'),('ARKR0111187B99FD2A','neo soul'),('ARKR0111187B99FD2A','dance pop'),('ARUMGZN1187FB37125','old school hip hop'),('ARUMGZN1187FB37125','rap'),('ARUMGZN1187FB37125','hardcore hip hop'),('ARUMGZN1187FB37125','hip hop'),('ARUMGZN1187FB37125','east coast hip hop'),('ARUMGZN1187FB37125','gangster rap'),('ARUMGZN1187FB37125','juggalo'),('ARE815V1187B998A43','electro'),('ARE815V1187B998A43','old school hip hop'),('ARE815V1187B998A43','rap'),('ARE815V1187B998A43','hip hop'),('AR67F4O1187FB5C6FE','turntablism'),('AR67F4O1187FB5C6FE','underground hip hop'),('ARII41Q1187FB47B2C','electro'),('ARII41Q1187FB47B2C','old school hip hop'),('ARII41Q1187FB47B2C','rap'),('ARII41Q1187FB47B2C','hip hop'),('AR54RGR1187FB51D10','hip hop'),('AR54RGR1187FB51D10','rap'),('AR54RGR1187FB51D10','alternative hip hop'),('AR54RGR1187FB51D10','pop rap'),('ARGQW6B1187FB4C839','r&b'),('ARGQW6B1187FB4C839','urban contemporary'),('ARGQW6B1187FB4C839','indie r&b'),('ARGQW6B1187FB4C839','hip pop'),('ARGQW6B1187FB4C839','pop christmas'),('ARGQW6B1187FB4C839','dance pop'),('ARGQW6B1187FB4C839','pop rap'),('ARGQW6B1187FB4C839','southern hip hop'),('ARGQW6B1187FB4C839','neo soul'),('ARR4UCF1187B9A9A5C','quiet storm'),('ARR4UCF1187B9A9A5C','new jack swing'),('ARR4UCF1187B9A9A5C','funk'),('ARR4UCF1187B9A9A5C','motown'),('ARR4UCF1187B9A9A5C','post-disco'),('ARR4UCF1187B9A9A5C','disco'),('ARR4UCF1187B9A9A5C','soul'),('ARR4UCF1187B9A9A5C','classic funk rock'),('ARR4UCF1187B9A9A5C','urban contemporary'),('ARB2M051187FB56FA9','old school hip hop'),('ARB2M051187FB56FA9','electro'),('ARB2M051187FB56FA9','rap'),('ARB2M051187FB56FA9','hip hop'),('ARB2M051187FB56FA9','disco'),('ARB2M051187FB56FA9','funk'),('ARB2M051187FB56FA9','funk rock'),('AR9J2H81187B9B5253','disco'),('AR9J2H81187B9B5253','post-disco'),('AR9J2H81187B9B5253','funk'),('AR9J2H81187B9B5253','classic funk rock'),('AR9J2H81187B9B5253','funk rock'),('AR9J2H81187B9B5253','hi nrg'),('AR9J2H81187B9B5253','soul'),('AR9J2H81187B9B5253','quiet storm'),('AR9J2H81187B9B5253','motown'),('AR2SGQW1187B9B9E7C','east coast hip hop'),('AR2SGQW1187B9B9E7C','rap'),('AR2SGQW1187B9B9E7C','hardcore hip hop'),('AR2SGQW1187B9B9E7C','hip hop'),('AR2SGQW1187B9B9E7C','old school hip hop'),('AR2SGQW1187B9B9E7C','underground hip hop'),('AR2SGQW1187B9B9E7C','alternative hip hop'),('ARI18NF1187B99FC57','jazz fusion'),('ARI18NF1187B99FC57','jazz funk'),('ARI18NF1187B99FC57','jazz'),('ARI18NF1187B99FC57','contemporary post-bop'),('ARIS5K31187B9AAF23','afrobeat'),('ARIS5K31187B9AAF23','classic afrobeat'),('AR5KAA01187FB5AEB7','jazz funk'),('AR5KAA01187FB5AEB7','contemporary post-bop'),('AR5KAA01187FB5AEB7','jazz christmas'),('AR5KAA01187FB5AEB7','jazz fusion'),('AR5KAA01187FB5AEB7','jazz'),('AR5KAA01187FB5AEB7','cool jazz'),('AR5KAA01187FB5AEB7','bebop'),('AREVWQO11E2835D3DC','funk'),('AREVWQO11E2835D3DC','classic funk rock'),('AREVWQO11E2835D3DC','funk rock'),('AREVWQO11E2835D3DC','disco'),('AREVWQO11E2835D3DC','soul'),('AREVWQO11E2835D3DC','quiet storm'),('AREVWQO11E2835D3DC','post-disco'),('AREVWQO11E2835D3DC','motown'),('AREVWQO11E2835D3DC','memphis soul'),('AREVWQO11E2835D3DC','southern soul'),('AREVWQO11E2835D3DC','chicago soul'),('ARLWEID1187B98DE3C','jazz funk'),('ARLWEID1187B98DE3C','funk'),('ARLWEID1187B98DE3C','classic funk rock'),('ARLWEID1187B98DE3C','funk rock'),('ARLWEID1187B98DE3C','soul christmas'),('ARLWEID1187B98DE3C','quiet storm'),('ARLWEID1187B98DE3C','soul'),('ARLWEID1187B98DE3C','jazz christmas'),('ARCH48I1187FB51B68','jazz blues'),('ARCH48I1187FB51B68','jump blues'),('ARCH48I1187FB51B68','soul blues'),('ARCH48I1187FB51B68','southern soul'),('ARCH48I1187FB51B68','memphis soul'),('ARCH48I1187FB51B68','chicago soul'),('ARCH48I1187FB51B68','soul christmas'),('ARCH48I1187FB51B68','soul'),('ARCH48I1187FB51B68','motown'),('ARCH48I1187FB51B68','jazz christmas'),('ARLGUTA1187B9B605F','rap'),('ARLGUTA1187B9B605F','gangster rap'),('ARLGUTA1187B9B605F','pop rap'),('ARLGUTA1187B9B605F','hardcore hip hop'),('ARLGUTA1187B9B605F','hip hop'),('ARLGUTA1187B9B605F','crunk'),('ARLGUTA1187B9B605F','dirty south rap'),('ARLGUTA1187B9B605F','southern hip hop'),('ARLGUTA1187B9B605F','hip pop'),('ARLGUTA1187B9B605F','juggalo'),('ARLGUTA1187B9B605F','east coast hip hop'),('ARLGUTA1187B9B605F','trap music'),('ARUKOXH1187FB41701','dancehall'),('ARUKOXH1187FB41701','reggae'),('ARUKOXH1187FB41701','dub'),('ARUKOXH1187FB41701','roots reggae'),('AR0GBPP1187B9AF4A1','turntablism'),('AR0GBPP1187B9AF4A1','ninja'),('AR0GBPP1187B9AF4A1','trip hop'),('AR0GBPP1187B9AF4A1','downtempo'),('AR0GBPP1187B9AF4A1','nu jazz'),('AR0GBPP1187B9AF4A1','underground hip hop'),('ARQVJQY1187FB3ABDC','soul flow'),('ARQVJQY1187FB3ABDC','east coast hip hop'),('ARQVJQY1187FB3ABDC','alternative hip hop'),('AR2XI6G1187B9AE7DA','gangster rap'),('AR2XI6G1187B9AE7DA','rap'),('AR2XI6G1187B9AE7DA','pop rap'),('AR2XI6G1187B9AE7DA','hip hop'),('AR2XI6G1187B9AE7DA','hardcore hip hop'),('AR2XI6G1187B9AE7DA','dirty south rap'),('AR2XI6G1187B9AE7DA','crunk'),('AR2XI6G1187B9AE7DA','southern hip hop'),('AR2XI6G1187B9AE7DA','hip pop'),('AR2XI6G1187B9AE7DA','juggalo'),('AR2XI6G1187B9AE7DA','east coast hip hop'),('AR2XI6G1187B9AE7DA','trap music'),('AREV2491187B9B017E','hardcore hip hop'),('AREV2491187B9B017E','rap'),('AREV2491187B9B017E','east coast hip hop'),('AREV2491187B9B017E','hip hop'),('AREV2491187B9B017E','gangster rap'),('ARM1UIH1187B9A5DE8','soul flow'),('ARM1UIH1187B9A5DE8','east coast hip hop'),('ARM1UIH1187B9A5DE8','underground hip hop'),('ARM1UIH1187B9A5DE8','hardcore hip hop'),('ARCMYSA1187FB4A8E8','east coast hip hop'),('ARCMYSA1187FB4A8E8','rap'),('ARCMYSA1187FB4A8E8','hardcore hip hop'),('ARCMYSA1187FB4A8E8','hip hop'),('ARCMYSA1187FB4A8E8','old school hip hop'),('ARCMYSA1187FB4A8E8','underground hip hop'),('ARPANXO1187B9B468A','rap'),('ARPANXO1187B9B468A','old school hip hop'),('ARPANXO1187B9B468A','hip hop'),('ARPANXO1187B9B468A','hardcore hip hop'),('ARPANXO1187B9B468A','rap rock'),('ARGXIE31187FB55B48','juggalo'),('AR78KRI1187B98E6F2','synthpop'),('AR78KRI1187B98E6F2','new wave'),('AR78KRI1187B98E6F2','new romantic'),('AR78KRI1187B98E6F2','electronic'),('AR78KRI1187B98E6F2','dance rock'),('AR78KRI1187B98E6F2','art rock'),('AR78KRI1187B98E6F2','big beat'),('AR78KRI1187B98E6F2','new wave pop'),('ARHHYQ81187B9A1C14','east coast hip hop'),('ARHHYQ81187B9A1C14','soul flow'),('ARHHYQ81187B9A1C14','hardcore hip hop'),('AR5H4CJ1187B9AE949','rap rock'),('AR5H4CJ1187B9AE949','rap metal'),('AR5H4CJ1187B9AE949','nu metal'),('AR5H4CJ1187B9AE949','alternative metal'),('AR5H4CJ1187B9AE949','funk metal'),('AR5H4CJ1187B9AE949','funk rock'),('AR5H4CJ1187B9AE949','groove metal'),('AR5H4CJ1187B9AE949','post-grunge'),('ARV4MQQ1187FB515A3','old school hip hop'),('ARV4MQQ1187FB515A3','rap'),('ARV4MQQ1187FB515A3','electro'),('ARV4MQQ1187FB515A3','hip hop'),('ARV4MQQ1187FB515A3','gangster rap'),('ARV4MQQ1187FB515A3','hardcore hip hop'),('AR5TZFO1187B98E58E','underground hip hop'),('AR5TZFO1187B98E58E','east coast hip hop'),('AR5TZFO1187B98E58E','hardcore hip hop'),('ARTR6D91187FB57536','hip pop'),('ARTR6D91187FB57536','urban contemporary'),('ARTR6D91187FB57536','r&b'),('ARTR6D91187FB57536','neo soul'),('ARTR6D91187FB57536','new jack swing'),('ARBVKHX1187FB42704','filmi'),('ARBVKHX1187FB42704','indian pop'),('ARIQMDE11F43A69FB2','classic funk rock'),('ARIQMDE11F43A69FB2','funk'),('ARIQMDE11F43A69FB2','funk rock'),('ARIQMDE11F43A69FB2','post-disco'),('ARIQMDE11F43A69FB2','p funk'),('ARIQMDE11F43A69FB2','disco'),('ARIQMDE11F43A69FB2','quiet storm'),('ARIQMDE11F43A69FB2','soul'),('ARJDEQU1187B988C40','east coast hip hop'),('ARJDEQU1187B988C40','hardcore hip hop'),('ARJDEQU1187B988C40','rap'),('ARRIN1R1187B9B78FF','chicago soul'),('ARRIN1R1187B9B78FF','beach music'),('ARRIN1R1187B9B78FF','motown'),('ARRIN1R1187B9B78FF','northern soul'),('ARRIN1R1187B9B78FF','southern soul'),('ARRIN1R1187B9B78FF','memphis soul'),('ARRIN1R1187B9B78FF','soul'),('ARLUQWX12472CE2B9F','deep funk'),('ARZ3U2M1187B989ACB','hip hop'),('ARZ3U2M1187B989ACB','rap'),('ARZ3U2M1187B989ACB','hardcore hip hop'),('ARZ3U2M1187B989ACB','east coast hip hop'),('ARZ3U2M1187B989ACB','pop rap'),('AR6TOUC1187FB53C7E','jazz funk'),('ARAMX4A1187B9A8D00','vocal jazz'),('ARAMX4A1187B9A8D00','adult standards'),('ARAMX4A1187B9A8D00','christmas'),('ARAMX4A1187B9A8D00','jazz blues'),('ARAMX4A1187B9A8D00','cabaret'),('ARDIKTV11F43A69FA4','jazz funk'),('ARDIKTV11F43A69FA4','soul jazz'),('ARPXABO1187FB4D15F','gangster rap'),('ARPXABO1187FB4D15F','hip hop'),('ARPXABO1187FB4D15F','rap'),('ARPXABO1187FB4D15F','g funk'),('ARPXABO1187FB4D15F','pop rap'),('ARY3WQ11187B996027','french hip hop'),('ARVYRVN12420780366','canadian hip hop'),('ARWHM281187FB3D381','underground hip hop'),('ARWHM281187FB3D381','hip hop'),('ARWHM281187FB3D381','turntablism'),('ARWHM281187FB3D381','rap'),('ARWHM281187FB3D381','old school hip hop'),('ARWHM281187FB3D381','east coast hip hop'),('ARWHM281187FB3D381','hardcore hip hop'),('ARWHM281187FB3D381','alternative hip hop'),('ARGAJER1187B9921AA','hard bop'),('ARGAJER1187B9921AA','bebop'),('ARGAJER1187B9921AA','jazz'),('ARGAJER1187B9921AA','cool jazz'),('ARGAJER1187B9921AA','soul jazz'),('ARGAJER1187B9921AA','contemporary post-bop'),('ARGAJER1187B9921AA','jazz christmas'),('ARGAJER1187B9921AA','big band'),('ARGGK7W1187B99053B','gangster rap'),('ARGGK7W1187B99053B','juggalo'),('ARGGK7W1187B99053B','rap'),('ARGGK7W1187B99053B','old school hip hop'),('ARGGK7W1187B99053B','g funk'),('ARGGK7W1187B99053B','west coast rap'),('ARGGK7W1187B99053B','hip hop'),('ARGGK7W1187B99053B','hardcore hip hop'),('ARGGK7W1187B99053B','rap rock'),('ARWR05M1187B9951A2','rock'),('ARWR05M1187B9951A2','hard rock'),('ARWR05M1187B9951A2','heavy christmas'),('ARWR05M1187B9951A2','album rock'),('ARQM3CJ1187B9B7AD1','pop rock'),('ARQM3CJ1187B9B7AD1','lilith'),('ARQM3CJ1187B9B7AD1','new wave pop'),('ARQM3CJ1187B9B7AD1','europop'),('ARQM3CJ1187B9B7AD1','neo mellow'),('ARQM3CJ1187B9B7AD1','australian pop'),('ARQM3CJ1187B9B7AD1','dance pop'),('ARQM3CJ1187B9B7AD1','folk-pop'),('AR76ZQP1187FB56A79','motown'),('AR76ZQP1187FB56A79','soul'),('AR76ZQP1187FB56A79','soul christmas'),('AR76ZQP1187FB56A79','chicago soul'),('AR76ZQP1187FB56A79','classic funk rock'),('AR76ZQP1187FB56A79','funk rock'),('AR76ZQP1187FB56A79','quiet storm'),('AR76ZQP1187FB56A79','funk'),('AR76ZQP1187FB56A79','christmas'),('AR05OJD1187B9B99A6','hardcore hip hop'),('AR05OJD1187B9B99A6','rap'),('AR05OJD1187B9B99A6','east coast hip hop'),('AR05OJD1187B9B99A6','hip hop'),('AR05OJD1187B9B99A6','old school hip hop'),('AR05OJD1187B9B99A6','gangster rap'),('AR05OJD1187B9B99A6','underground hip hop'),('AR2665Z1187FB56AB9','funk'),('AR2665Z1187FB56AB9','soul christmas'),('AR2665Z1187FB56AB9','quiet storm'),('AR2665Z1187FB56AB9','classic funk rock'),('AR2665Z1187FB56AB9','motown'),('AR2665Z1187FB56AB9','funk rock'),('AR2665Z1187FB56AB9','soul'),('AR2665Z1187FB56AB9','disco'),('AR2665Z1187FB56AB9','southern soul'),('ARZWN6W1187FB3EF25','underground hip hop'),('ARZWN6W1187FB3EF25','turntablism'),('ARZWN6W1187FB3EF25','abstract hip hop'),('ARZWN6W1187FB3EF25','east coast hip hop'),('ARZWN6W1187FB3EF25','hip hop'),('ARZWN6W1187FB3EF25','hardcore hip hop'),('ARZWN6W1187FB3EF25','old school hip hop'),('ARZWN6W1187FB3EF25','rap'),('ARZWN6W1187FB3EF25','alternative hip hop'),('ARTRQUJ1187B992ADD','classic funk rock'),('ARTRQUJ1187B992ADD','funk'),('ARTRQUJ1187B992ADD','funk rock'),('ARTRQUJ1187B992ADD','p funk'),('ARTRQUJ1187B992ADD','soul'),('ARTRQUJ1187B992ADD','quiet storm'),('ARTRQUJ1187B992ADD','memphis soul'),('ARAVWPR1187FB4736D','hyphy'),('ARAVWPR1187FB4736D','west coast rap'),('ARAVWPR1187FB4736D','g funk'),('ARAVWPR1187FB4736D','gangster rap'),('ARAVWPR1187FB4736D','juggalo'),('ARHSGAW1187B9898C7','latin hip hop'),('ARHSGAW1187B9898C7','hardcore hip hop'),('ARHSGAW1187B9898C7','old school hip hop'),('ARHSGAW1187B9898C7','east coast hip hop'),('ARHSGAW1187B9898C7','rap rock'),('ARHSGAW1187B9898C7','rap'),('ARHSGAW1187B9898C7','hip hop'),('AROSI8L1187B9ACD43','gangster rap'),('AROSI8L1187B9ACD43','g funk'),('AROSI8L1187B9ACD43','juggalo'),('AROSI8L1187B9ACD43','rap'),('AROSI8L1187B9ACD43','west coast rap'),('AROSI8L1187B9ACD43','hip hop'),('AROSI8L1187B9ACD43','hardcore hip hop'),('AROSI8L1187B9ACD43','rap rock'),('AR8KCGU1187FB514D5','big beat'),('AR8KCGU1187FB514D5','turntablism'),('AR8KCGU1187FB514D5','breakbeat'),('AR8KCGU1187FB514D5','trip hop'),('AR8KCGU1187FB514D5','electronic'),('AR8KCGU1187FB514D5','ninja'),('AR8KCGU1187FB514D5','downtempo'),('AR7F2611187FB4049B','soul christmas'),('AR7F2611187FB4049B','jazz funk'),('AR7F2611187FB4049B','quiet storm'),('AR7F2611187FB4049B','jazz blues'),('AR7F2611187FB4049B','disco'),('AR7F2611187FB4049B','vocal jazz'),('AR7F2611187FB4049B','motown'),('AR7F2611187FB4049B','funk'),('AR7F2611187FB4049B','soul'),('AROQS6O1187FB3D146','cool jazz'),('ARWFREB1187B98B09D','deep east coast hip hop'),('ARWFREB1187B98B09D','east coast hip hop'),('ARWFREB1187B98B09D','hardcore hip hop'),('ARR6PDP1187B99B6CD','soul'),('ARR6PDP1187B99B6CD','motown'),('ARR6PDP1187B99B6CD','chicago soul'),('ARR6PDP1187B99B6CD','memphis soul'),('ARR6PDP1187B99B6CD','quiet storm'),('ARR6PDP1187B99B6CD','southern soul'),('ARR6PDP1187B99B6CD','funk'),('ARR6PDP1187B99B6CD','classic funk rock'),('ARR6PDP1187B99B6CD','soul blues'),('ARR6PDP1187B99B6CD','funk rock'),('ARGDF3P1187B98F54E','classic rock'),('ARGDF3P1187B98F54E','blues-rock'),('ARGDF3P1187B98F54E','southern rock'),('ARGDF3P1187B98F54E','psychedelic rock'),('ARGDF3P1187B98F54E','rock'),('ARGDF3P1187B98F54E','album rock'),('ARGDF3P1187B98F54E','british blues'),('ARGDF3P1187B98F54E','hard rock'),('AR4WHYC1187B9896E7','hip hop'),('AR4WHYC1187B9896E7','rap'),('AR4WHYC1187B9896E7','old school hip hop'),('AR4WHYC1187B9896E7','underground hip hop'),('AR4WHYC1187B9896E7','east coast hip hop'),('AR4WHYC1187B9896E7','hardcore hip hop'),('AR4WHYC1187B9896E7','acid jazz'),('AR4WHYC1187B9896E7','alternative hip hop'),('ARPLHIR1187FB5C1AE','brostep'),('ARPLHIR1187FB5C1AE','drum and bass'),('ARPLHIR1187FB5C1AE','edm'),('ARPLHIR1187FB5C1AE','electro house'),('ARRZ1351187FB37A53','funk'),('ARRZ1351187FB37A53','classic funk rock'),('ARRZ1351187FB37A53','post-disco'),('ARRZ1351187FB37A53','funk rock'),('ARRZ1351187FB37A53','p funk'),('ARRZ1351187FB37A53','disco'),('ARRZ1351187FB37A53','quiet storm'),('ARVKJGO12086C15075','dance pop'),('ARVKJGO12086C15075','pop'),('ARVKJGO12086C15075','edm'),('ARVKJGO12086C15075','house'),('ARTO1SU1187FB55BD2','electro house'),('ARTO1SU1187FB55BD2','electroclash'),('ARTO1SU1187FB55BD2','german techno'),('ARRTHFN11F4C83D56B','dirty south rap'),('ARRTHFN11F4C83D56B','gangster rap'),('ARRTHFN11F4C83D56B','southern hip hop'),('ARRTHFN11F4C83D56B','crunk'),('ARRTHFN11F4C83D56B','trap music'),('ARRTHFN11F4C83D56B','pop rap'),('ARRTHFN11F4C83D56B','juggalo'),('ARRTHFN11F4C83D56B','alternative hip hop'),('ARRTHFN11F4C83D56B','g funk'),('ARRTHFN11F4C83D56B','hip hop'),('ARRTHFN11F4C83D56B','rap'),('ARMFUUA1373E16FA28','melbourne bounce'),('ARKBSDK122ECCB7851','alternative hip hop'),('ARKBSDK122ECCB7851','trap music'),('ARKBSDK122ECCB7851','pop rap'),('ARKBSDK122ECCB7851','hip hop'),('ARKBSDK122ECCB7851','southern hip hop'),('ARKBSDK122ECCB7851','dirty south rap'),('ARSF9Y31187FB44ED0','dirty south rap'),('ARSF9Y31187FB44ED0','southern hip hop'),('ARSF9Y31187FB44ED0','crunk'),('ARSF9Y31187FB44ED0','hip hop'),('ARSF9Y31187FB44ED0','gangster rap'),('ARSF9Y31187FB44ED0','juggalo'),('ARSF9Y31187FB44ED0','pop rap'),('ARSF9Y31187FB44ED0','rap'),('ARSF9Y31187FB44ED0','alternative hip hop'),('AR8ZLX91187FB3CB73','chicago house'),('AR8ZLX91187FB3CB73','acid house'),('AR8ZLX91187FB3CB73','deep house'),('AR8ZLX91187FB3CB73','hip house'),('ARFW42T1187B98EF2A','reggae fusion'),('AR5DC8S1187B9958BE','urban contemporary'),('AR5DC8S1187B9958BE','r&b'),('AR5DC8S1187B9958BE','pop christmas'),('AR5DC8S1187B9958BE','soul christmas'),('AR5DC8S1187B9958BE','hip pop'),('AR5DC8S1187B9958BE','dance pop'),('AR5DC8S1187B9958BE','pop'),('ARXK9ZB1187FB49D29','old school hip hop'),('ARXK9ZB1187FB49D29','rap'),('ARXK9ZB1187FB49D29','electro'),('ARXK9ZB1187FB49D29','east coast hip hop'),('ARXK9ZB1187FB49D29','hip hop'),('AR1M4LH1187B9B9F32','dirty texas rap'),('AR1M4LH1187B9B9F32','dirty south rap'),('AR1M4LH1187B9B9F32','crunk'),('AR1M4LH1187B9B9F32','memphis hip hop'),('AR1M4LH1187B9B9F32','southern hip hop'),('AR1M4LH1187B9B9F32','gangster rap'),('AR1M4LH1187B9B9F32','trap music'),('ARFX60Y1187B9A1495','gangster rap'),('ARFX60Y1187B9A1495','juggalo'),('ARFX60Y1187B9A1495','dirty south rap'),('ARFX60Y1187B9A1495','rap'),('ARFX60Y1187B9A1495','old school hip hop'),('ARFX60Y1187B9A1495','crunk'),('ARFX60Y1187B9A1495','southern hip hop'),('ARFX60Y1187B9A1495','hip hop'),('ARFX60Y1187B9A1495','hardcore hip hop'),('ARELPXQ1187FB384FD','hip pop'),('ARELPXQ1187FB384FD','old school hip hop'),('ARELPXQ1187FB384FD','r&b'),('ARELPXQ1187FB384FD','hip hop'),('ARELPXQ1187FB384FD','urban contemporary'),('ARFHP8I1187B9B303F','adult standards'),('ARFHP8I1187B9B303F','brill building pop'),('ARFHP8I1187B9B303F','christmas'),('ARFHP8I1187B9B303F','lounge'),('ARFHP8I1187B9B303F','soft rock'),('ARFHP8I1187B9B303F','mellow gold'),('ARPDVPJ1187B9ADBE9','r&b'),('ARPDVPJ1187B9ADBE9','urban contemporary'),('ARPDVPJ1187B9ADBE9','pop christmas'),('ARPDVPJ1187B9ADBE9','dance pop'),('ARPDVPJ1187B9ADBE9','pop'),('ARPDVPJ1187B9ADBE9','pop rap'),('ARPDVPJ1187B9ADBE9','southern hip hop'),('ARPDVPJ1187B9ADBE9','hip hop'),('ARM2YO51187B9A055A','turntablism'),('ARM2YO51187B9A055A','underground hip hop'),('ARM2YO51187B9A055A','ninja'),('ARM2YO51187B9A055A','trip hop'),('ARFEZRN1187FB3E182','soul jazz'),('ARFEZRN1187FB3E182','hard bop'),('ARFEZRN1187FB3E182','jazz funk'),('ARFEZRN1187FB3E182','bebop'),('ARFEZRN1187FB3E182','contemporary post-bop'),('ARFEZRN1187FB3E182','jazz'),('ARFEZRN1187FB3E182','cool jazz'),('ARQ1OPK1187B98B199','pop rap'),('ARQ1OPK1187B98B199','hip hop'),('ARZKNHT1187FB4F5FD','dancehall'),('ARZKNHT1187FB4F5FD','roots reggae'),('ARZKNHT1187FB4F5FD','world christmas'),('ARZKNHT1187FB4F5FD','reggae'),('ARZKNHT1187FB4F5FD','lovers rock'),('ARZKNHT1187FB4F5FD','dub'),('AR9LJ9D1187FB4303D','dance pop'),('AR9LJ9D1187FB4303D','pop rap'),('AR9LJ9D1187FB4303D','soul christmas'),('AR9LJ9D1187FB4303D','pop christmas'),('AR9LJ9D1187FB4303D','urban contemporary'),('AROMLCI1187FB4C6E7','operatic pop'),('AROMLCI1187FB4C6E7','new age'),('AROMLCI1187FB4C6E7','opera'),('ARFQ3191187B98AD2E','tin pan alley'),('ARFQ3191187B98AD2E','vintage jazz'),('ARFQ3191187B98AD2E','cabaret'),('AR4LF541187FB37C6A','power metal'),('AR4LF541187FB37C6A','metal'),('AR4LF541187FB37C6A','finnish metal'),('AR4LF541187FB37C6A','progressive metal'),('AR4LF541187FB37C6A','gothic metal'),('AR4LF541187FB37C6A','speed metal'),('AR4LF541187FB37C6A','industrial metal'),('ARG0IZU1187FB5585D','turntablism'),('ARG0IZU1187FB5585D','scratch'),('ARHIC3Q1187B9B1773','hardcore hip hop'),('ARHIC3Q1187B9B1773','old school hip hop'),('ARHIC3Q1187B9B1773','rap'),('ARHIC3Q1187B9B1773','east coast hip hop'),('ARHIC3Q1187B9B1773','hip hop'),('ARHIC3Q1187B9B1773','gangster rap'),('ARJ78QS1187B998002','traditional soul'),('ARDCKVJ1187FB54D1F','southern soul'),('ARDCKVJ1187FB54D1F','memphis soul'),('ARDCKVJ1187FB54D1F','soul blues'),('ARDCKVJ1187FB54D1F','chicago soul'),('ARDCKVJ1187FB54D1F','soul'),('ARMKBL21187FB38230','big beat'),('ARMKBL21187FB38230','electronic'),('ARMKBL21187FB38230','breakbeat'),('ARMKBL21187FB38230','house'),('ARMKBL21187FB38230','alternative dance'),('ARF8ZJW1187B98C949','ethereal wave'),('ARF8ZJW1187B98C949','neoclassical'),('ARE3H4L1187B9B659C','quiet storm'),('ARE3H4L1187B9B659C','soul christmas'),('ARE3H4L1187B9B659C','funk'),('ARE3H4L1187B9B659C','classic funk rock'),('ARE3H4L1187B9B659C','funk rock'),('ARE3H4L1187B9B659C','soul'),('ARE3H4L1187B9B659C','motown'),('ARE3H4L1187B9B659C','urban contemporary'),('ARMGM831187B9B78F0','post-disco'),('ARMGM831187B9B78F0','disco'),('ARMGM831187B9B78F0','hi nrg'),('ARMGM831187B9B78F0','funk'),('ARMGM831187B9B78F0','quiet storm'),('ARH79VT1187B99289F','old school hip hop'),('ARH79VT1187B99289F','rap'),('ARH79VT1187B99289F','hardcore hip hop'),('ARH79VT1187B99289F','hip hop'),('ARH79VT1187B99289F','east coast hip hop'),('AR24DZB1187FB3C869','neo soul'),('AR24DZB1187FB3C869','r&b'),('AR24DZB1187FB3C869','urban contemporary'),('ARHV6YT1187FB4C6BC','southern soul'),('ARHV6YT1187FB4C6BC','chicago soul'),('ARHV6YT1187FB4C6BC','memphis soul'),('ARHV6YT1187FB4C6BC','soul'),('ARHV6YT1187FB4C6BC','soul blues'),('ARHV6YT1187FB4C6BC','motown'),('ARHV6YT1187FB4C6BC','southern soul blues'),('ARHV6YT1187FB4C6BC','quiet storm'),('AR5YHDK1187FB4CFB6','underground hip hop'),('AR5YHDK1187FB4CFB6','soul flow'),('ARFNZAT1187B999B7C','deep motown'),('ARZHBIR1187B991944','comic'),('ARZHBIR1187B991944','comedy'),('AR8RXRI1187FB4104B','hip hop'),('AR8RXRI1187FB4104B','underground hip hop'),('AR8RXRI1187FB4104B','rap'),('AR8RXRI1187FB4104B','pop rap'),('ARXHGWB1187FB557F5','trap music'),('ARXHGWB1187FB557F5','jerk'),('ARXHGWB1187FB557F5','pop rap'),('ARXHGWB1187FB557F5','southern hip hop'),('ARXHGWB1187FB557F5','crunk'),('ARXHGWB1187FB557F5','dirty south rap'),('ARXHGWB1187FB557F5','alternative hip hop'),('ARIGDMX1269FCD4CFB','german hip hop'),('ARXOXNS12086C11E2B','african rock'),('AR82F751187B98F89A','italian pop'),('AR82F751187B98F89A','italian indie pop'),('ARULZ741187B9AD2EF','rock-and-roll'),('ARULZ741187B9AD2EF','rockabilly'),('ARULZ741187B9AD2EF','christmas'),('ARP8HC01187B9AC42D','pop christmas'),('ARP8HC01187B9AC42D','folk christmas'),('ARP8HC01187B9AC42D','new wave pop'),('ARP8HC01187B9AC42D','lilith'),('ARP8HC01187B9AC42D','pop rock'),('ARP8HC01187B9AC42D','neo mellow'),('ARP8HC01187B9AC42D','folk-pop'),('ARP8HC01187B9AC42D','pop'),('ARMM06Q1187FB37202','drum and bass'),('ARMM06Q1187FB37202','liquid funk'),('ARR3FTZ1187FB3C302','classic funk rock'),('ARR3FTZ1187FB3C302','funk'),('ARR3FTZ1187FB3C302','funk rock'),('ARR3FTZ1187FB3C302','deep funk'),('ARR3FTZ1187FB3C302','p funk'),('ARR3FTZ1187FB3C302','memphis soul'),('ARR3FTZ1187FB3C302','soul'),('ARR3FTZ1187FB3C302','southern soul'),('ARR3FTZ1187FB3C302','motown'),('ARR3FTZ1187FB3C302','quiet storm'),('ARGLFXO12592CDB6B4','talent show'),('ARGLFXO12592CDB6B4','pop'),('ARGLFXO12592CDB6B4','teen pop'),('ARQDVRT12CC71081DB','indie r&b'),('ARQDVRT12CC71081DB','trapstep'),('ARQDVRT12CC71081DB','bass music'),('ARQDVRT12CC71081DB','future garage'),('AROKWE01187FB3D3AC','eurodance'),('AROKWE01187FB3D3AC','big beat'),('ARQU75O1187B990F89','classic funk rock'),('ARQU75O1187B990F89','funk rock'),('ARQU75O1187B990F89','electro'),('ARQU75O1187B990F89','funk'),('ARQU75O1187B990F89','p funk'),('ARQU75O1187B990F89','old school hip hop'),('ARPX8T51187FB47E46','chanson'),('ARPX8T51187FB47E46','french pop'),('ARPX8T51187FB47E46','classic french pop'),('ARRH63Y1187FB47783','pop rap'),('ARRH63Y1187FB47783','hip hop'),('ARRH63Y1187FB47783','pop christmas'),('AR8MA9B1187FB59374','progressive rock'),('AR8MA9B1187FB59374','art rock'),('AR8MA9B1187FB59374','symphonic rock'),('AR8MA9B1187FB59374','album rock'),('AR8MA9B1187FB59374','canterbury scene'),('AR8MA9B1187FB59374','space rock'),('AR8MA9B1187FB59374','classic rock'),('AR8MA9B1187FB59374','glam rock'),('AR8MA9B1187FB59374','rock'),('AR8MA9B1187FB59374','soft rock'),('ARS8JXH1187B998E41','trap music'),('ARS8JXH1187B998E41','pop rap'),('ARS8JXH1187B998E41','alternative hip hop'),('ARHKLFI1187B9ADBC2','underground hip hop'),('ARHKLFI1187B9ADBC2','hardcore hip hop'),('ARHKLFI1187B9ADBC2','alternative hip hop'),('ARHKLFI1187B9ADBC2','hip hop'),('ARHKLFI1187B9ADBC2','latin hip hop'),('ARHKLFI1187B9ADBC2','rap'),('ARHKLFI1187B9ADBC2','east coast hip hop'),('ARHKLFI1187B9ADBC2','juggalo'),('ARXI28B1187B98F65C','disco'),('AR3QS2R1187B9953C7','underground hip hop'),('AR3QS2R1187B9953C7','abstract hip hop'),('AR3QS2R1187B9953C7','alternative hip hop'),('AR3QS2R1187B9953C7','hip hop'),('ARUDRE01187FB4106D','pop house'),('ARUDRE01187FB4106D','hands up'),('ARL4TII1187B9B46E1','rock'),('ARL4TII1187B9B46E1','album rock'),('ARL4TII1187B9B46E1','glam rock'),('ARL4TII1187B9B46E1','heavy christmas'),('ARL4TII1187B9B46E1','hard rock'),('AR17D2T1187FB4DBC2','turntablism'),('AR17D2T1187FB4DBC2','underground hip hop'),('AREK02J1187B98E52F','acid jazz'),('AREK02J1187B98E52F','electronic'),('AREK02J1187B98E52F','chill-out'),('AREK02J1187B98E52F','classic funk rock'),('AREK02J1187B98E52F','funk rock'),('AR58ZXX1187FB572F2','pop rap'),('AR58ZXX1187FB572F2','southern hip hop'),('AR58ZXX1187FB572F2','hip hop'),('AR58ZXX1187FB572F2','dirty south rap'),('AR58ZXX1187FB572F2','crunk'),('AR58ZXX1187FB572F2','trap music'),('AR58ZXX1187FB572F2','rap'),('AR58ZXX1187FB572F2','alternative hip hop'),('AR1SUNB1187FB41BC8','roots reggae'),('AR1SUNB1187FB41BC8','dancehall'),('AR1SUNB1187FB41BC8','dub'),('AR1SUNB1187FB41BC8','reggae'),('AR1SUNB1187FB41BC8','world christmas'),('AR1SUNB1187FB41BC8','lovers rock'),('ARVCON51187FB482F5','kraut rock'),('ARUDYKB11F4C83C269','pop rap'),('ARUDYKB11F4C83C269','trap music'),('ARUDYKB11F4C83C269','southern hip hop'),('ARUDYKB11F4C83C269','dirty south rap'),('ARUDYKB11F4C83C269','crunk'),('ARUDYKB11F4C83C269','hip hop'),('ARUDYKB11F4C83C269','pop christmas'),('ARSUHIL1187B9ABE12','ragga jungle'),('ARSUHIL1187B9ABE12','jungle'),('ARSL5SP1187B9A7AE0','gangster rap'),('ARSL5SP1187B9A7AE0','rap'),('ARSL5SP1187B9A7AE0','g funk'),('ARSL5SP1187B9A7AE0','juggalo'),('ARSL5SP1187B9A7AE0','hip hop'),('ARSL5SP1187B9A7AE0','west coast rap'),('ARSL5SP1187B9A7AE0','old school hip hop'),('ARSL5SP1187B9A7AE0','hardcore hip hop'),('ARSL5SP1187B9A7AE0','rap rock'),('ARRTVWX1187B990CD5','dancehall'),('ARRTVWX1187B990CD5','roots reggae'),('ARRTVWX1187B990CD5','reggae'),('ARRTVWX1187B990CD5','lovers rock'),('ARRTVWX1187B990CD5','dub'),('AR3TITY1187B99E790','dancehall'),('AR3TITY1187B99E790','lovers rock'),('AR3TITY1187B99E790','roots reggae'),('ARZLHMW12AF7DABF36','edm'),('AR64SX81187B99DCD9','fidget house'),('ARVKMD51187B99D66D','east coast hip hop'),('ARVKMD51187B99D66D','hardcore hip hop'),('ARVKMD51187B99D66D','hip hop'),('ARVKMD51187B99D66D','rap'),('ARVKMD51187B99D66D','old school hip hop'),('ARVKMD51187B99D66D','underground hip hop'),('ARVKMD51187B99D66D','turntablism'),('ARVKMD51187B99D66D','alternative hip hop'),('AR81PS11187B9A7C5C','deep funk'),('AR81PS11187B9A7C5C','afrobeat'),('AR81PS11187B9A7C5C','classic funk rock'),('AR81PS11187B9A7C5C','funk rock'),('AR81PS11187B9A7C5C','funk'),('ARW88GF1187B9B604C','old school hip hop'),('ARW88GF1187B9B604C','electro'),('ARW88GF1187B9B604C','miami bass'),('ARW88GF1187B9B604C','rap'),('ARW88GF1187B9B604C','hip hop'),('ARWJFYS1187FB3F51F','electro'),('ARWJFYS1187FB3F51F','old school hip hop'),('ARWJFYS1187FB3F51F','rap'),('ARPVZTA1187B9A63A8','trap music'),('ARPVZTA1187B9A63A8','pop rap'),('ARPVZTA1187B9A63A8','southern hip hop'),('ARPVZTA1187B9A63A8','crunk'),('ARPVZTA1187B9A63A8','dirty south rap'),('ARPVZTA1187B9A63A8','alternative hip hop'),('ARPVZTA1187B9A63A8','hip hop'),('ARPVZTA1187B9A63A8','gangster rap'),('ARMTVW61187B9B8802','glam rock'),('ARMTVW61187B9B8802','protopunk'),('ARMTVW61187B9B8802','pub rock'),('ARMTVW61187B9B8802','classic rock'),('ARMTVW61187B9B8802','rock'),('ARMTVW61187B9B8802','british blues'),('ARMTVW61187B9B8802','blues-rock'),('ARMTVW61187B9B8802','album rock'),('ARMTVW61187B9B8802','british invasion'),('ARMTVW61187B9B8802','hard rock'),('AR4XR321187B9B85CE','alternative hip hop'),('AR4XR321187B9B85CE','hip hop'),('AR4XR321187B9B85CE','pop rap'),('AR4XR321187B9B85CE','pop christmas'),('ARNNRN31187B9AE7B7','soul'),('ARNNRN31187B9AE7B7','southern soul'),('ARNNRN31187B9AE7B7','memphis soul'),('ARNNRN31187B9AE7B7','soul christmas'),('ARNNRN31187B9AE7B7','soul blues'),('ARNNRN31187B9AE7B7','motown'),('ARNNRN31187B9AE7B7','classic funk rock'),('ARNNRN31187B9AE7B7','quiet storm'),('ARNNRN31187B9AE7B7','funk rock'),('ARWAYHU1187B9A36E5','motown'),('ARWAYHU1187B9A36E5','chicago soul'),('ARWAYHU1187B9A36E5','soul christmas'),('ARWAYHU1187B9A36E5','soul'),('ARWAYHU1187B9A36E5','beach music'),('ARWAYHU1187B9A36E5','memphis soul'),('ARWAYHU1187B9A36E5','southern soul'),('ARWAYHU1187B9A36E5','quiet storm'),('ARWAYHU1187B9A36E5','brill building pop'),('ARWAYHU1187B9A36E5','jazz blues'),('ARWAYHU1187B9A36E5','disco'),('ARWAYHU1187B9A36E5','soul blues'),('ARWAYHU1187B9A36E5','classic funk rock'),('ARWAYHU1187B9A36E5','funk'),('ARWAYHU1187B9A36E5','jazz christmas'),('ARNH6Q11187FB40FDD','east coast hip hop'),('ARNH6Q11187FB40FDD','hardcore hip hop'),('ARNH6Q11187FB40FDD','underground hip hop'),('ARNH6Q11187FB40FDD','rap'),('ARNH6Q11187FB40FDD','hip hop'),('ARNH6Q11187FB40FDD','old school hip hop'),('ARNH6Q11187FB40FDD','alternative hip hop'),('ARNH6Q11187FB40FDD','turntablism'),('ARC5BL01187FB3DF69','australian hip hop'),('ARNSGYD1187B9B8B52','classic funk rock'),('ARNSGYD1187B9B8B52','deep funk'),('ARNSGYD1187B9B8B52','jazz funk'),('ARNSGYD1187B9B8B52','funk rock'),('ARNSGYD1187B9B8B52','soul jazz'),('ARNSGYD1187B9B8B52','funk'),('AR1LZXE1187FB5A607','turntablism'),('AR1LZXE1187FB5A607','trip hop'),('ARA1G4I1187B99332D','abstract hip hop'),('ARA1G4I1187B99332D','underground hip hop'),('AR1RMYB1187FB5A59E','funk metal'),('AR1RMYB1187FB5A59E','rap rock'),('AR1RMYB1187FB5A59E','alternative metal'),('AR1RMYB1187FB5A59E','funk rock'),('AR1RMYB1187FB5A59E','post-grunge'),('AR1RMYB1187FB5A59E','nu metal'),('AR1RMYB1187FB5A59E','alternative rock'),('AR1RMYB1187FB5A59E','heavy christmas'),('AR1RMYB1187FB5A59E','pop rock'),('AR1RMYB1187FB5A59E','rock'),('AR1RMYB1187FB5A59E','pop christmas'),('AR8B1WY1187FB38366','east coast hip hop'),('AR8B1WY1187FB38366','hardcore hip hop'),('AR8B1WY1187FB38366','rap'),('AR8B1WY1187FB38366','hip hop'),('AR8B1WY1187FB38366','old school hip hop'),('AR8B1WY1187FB38366','underground hip hop'),('AR8B1WY1187FB38366','gangster rap'),('AR8B1WY1187FB38366','alternative hip hop'),('ARABHD31187B997A55','northern soul'),('ARABHD31187B997A55','beach music'),('ARABHD31187B997A55','chicago soul'),('ARN1VJ21187FB4053F','east coast hip hop'),('ARN1VJ21187FB4053F','hardcore hip hop'),('ARN1VJ21187FB4053F','rap'),('ARN1VJ21187FB4053F','hip hop'),('ARN1VJ21187FB4053F','old school hip hop'),('ARN1VJ21187FB4053F','underground hip hop'),('ARWROYX1187B9A14A7','new jack swing'),('ARWROYX1187B9A14A7','urban contemporary'),('ARTIQEB1187B9ACD9C','dance rock'),('ARTIQEB1187B9ACD9C','new wave'),('ARTIQEB1187B9ACD9C','new romantic'),('ARTIQEB1187B9ACD9C','new wave pop'),('ARTIQEB1187B9ACD9C','synthpop'),('ARTIQEB1187B9ACD9C','no wave'),('ARTIQEB1187B9ACD9C','art rock'),('ARTIQEB1187B9ACD9C','post-punk'),('ARTIQEB1187B9ACD9C','uk post-punk'),('ARFD6AP1187FB431C4','new jack swing'),('ARFD6AP1187FB431C4','quiet storm'),('ARFD6AP1187FB431C4','urban contemporary'),('ARFD6AP1187FB431C4','funk'),('ARD97XH1187B9B1E12','no wave'),('ARD97XH1187B9B1E12','post-punk'),('ARD97XH1187B9B1E12','uk post-punk'),('ARD97XH1187B9B1E12','experimental rock'),('ARD97XH1187B9B1E12','dance-punk'),('AR2B86D1187FB4EB7B','electro'),('AR2B86D1187FB4EB7B','old school hip hop'),('AR2B86D1187FB4EB7B','rap'),('AR2B86D1187FB4EB7B','hip hop'),('ARXFB7K1187B9B1E54','hip pop'),('ARXFB7K1187B9B1E54','urban contemporary'),('ARXFB7K1187B9B1E54','r&b'),('ARXFB7K1187B9B1E54','dance pop'),('ARXFB7K1187B9B1E54','pop rap'),('ARXFB7K1187B9B1E54','hip hop'),('ARXFB7K1187B9B1E54','pop'),('ARM7YQQ1187B9A84E7','permanent wave'),('ARM7YQQ1187B9A84E7','new wave pop'),('ARM7YQQ1187B9A84E7','dance rock'),('ARM7YQQ1187B9A84E7','glam rock'),('ARM7YQQ1187B9A84E7','candy pop'),('AR4L4WQ1187FB51996','breakbeat'),('AR4L4WQ1187FB51996','hardcore techno'),('AR4L4WQ1187FB51996','big beat'),('AR4L4WQ1187FB51996','electronic'),('AR25JPR1187B99720B','filter house'),('AR25JPR1187B99720B','electro house'),('ARK9TRQ1187B99C095','industrial rock'),('ARK9TRQ1187B99C095','industrial metal'),('ARK9TRQ1187B99C095','industrial'),('ARK9TRQ1187B99C095','nu metal'),('ARK9TRQ1187B99C095','alternative metal'),('ARD46C811C8A414F3F','alternative hip hop'),('ARD46C811C8A414F3F','pop rap'),('ARD46C811C8A414F3F','hip hop'),('ARD46C811C8A414F3F','indie r&b'),('ARMD3XX1187B9ACF84','rap'),('ARMD3XX1187B9ACF84','juggalo'),('ARMD3XX1187B9ACF84','gangster rap'),('ARMD3XX1187B9ACF84','hip hop'),('ARMD3XX1187B9ACF84','rap rock'),('ARMD3XX1187B9ACF84','rap metal'),('AR594TJ1187B9A2220','classic funk rock'),('AR594TJ1187B9A2220','deep funk'),('AR594TJ1187B9A2220','funk rock'),('AR594TJ1187B9A2220','new orleans blues'),('AR594TJ1187B9A2220','funk'),('AR594TJ1187B9A2220','memphis soul'),('AR594TJ1187B9A2220','soul'),('AR594TJ1187B9A2220','southern soul'),('ARQYX4N1187FB43837','classic funk rock'),('ARQYX4N1187FB43837','deep funk'),('ARQYX4N1187FB43837','funk rock'),('ARQYX4N1187FB43837','funk'),('ARQYX4N1187FB43837','memphis soul'),('ARQYX4N1187FB43837','soul'),('ARICLSK131AAE25F5E','pop'),('ARICLSK131AAE25F5E','indie r&b'),('ARICLSK131AAE25F5E','indietronica'),('ARICLSK131AAE25F5E','chamber pop'),('ARICLSK131AAE25F5E','synthpop'),('ARUVHYV12FA3238377','alternative hip hop'),('ARUVHYV12FA3238377','underground hip hop'),('AREPYZO1187B9B9C2D','classic funk rock'),('AREPYZO1187B9B9C2D','funk'),('AREPYZO1187B9B9C2D','jazz funk'),('AREPYZO1187B9B9C2D','funk rock'),('AREPYZO1187B9B9C2D','soul'),('ARKAZX31187FB45AE3','deep funk'),('AREN9QG1187FB3A576','deep east coast hip hop'),('ARVKMMF133F5CF74A6','alternative hip hop'),('ARVKMMF133F5CF74A6','trap music'),('ARVKMMF133F5CF74A6','indie r&b'),('ARVKMMF133F5CF74A6','pop rap'),('ARVKMMF133F5CF74A6','hip hop'),('ARVKMMF133F5CF74A6','east coast hip hop'),('ARLP6O31187FB4C75C','vegan straight edge'),('ARLP6O31187FB4C75C','christian hip hop'),('ARHHTZL119B34033E9','christian hip hop'),('ARDWOW81187FB3B574','hip house'),('AR48SHG1187FB4DD30','experimental'),('AR48SHG1187FB4DD30','industrial'),('AR48SHG1187FB4DD30','outsider'),('AR48SHG1187FB4DD30','experimental rock'),('AR2CZWK1187FB3E23A','post-disco'),('AR2CZWK1187FB3E23A','disco'),('AR2CZWK1187FB3E23A','hi nrg'),('AR1SGV61187FB510F5','post-disco'),('ARME7101187FB3ECDD','turntablism'),('ARME7101187FB3ECDD','trip hop'),('ARME7101187FB3ECDD','downtempo'),('ARME7101187FB3ECDD','ninja'),('ARME7101187FB3ECDD','electronic'),('ARME7101187FB3ECDD','chill-out'),('AR5FGSX1187B9B5454','jazz fusion'),('AR5FGSX1187B9B5454','contemporary post-bop'),('AR5FGSX1187B9B5454','jazz funk'),('AR5FGSX1187B9B5454','jazz'),('AR5FGSX1187B9B5454','jazz christmas'),('AR3YCSH1187FB3CEDC','hip house'),('AR3YCSH1187FB3CEDC','eurodance'),('AR3YCSH1187FB3CEDC','acid house'),('AR3YCSH1187FB3CEDC','new beat'),('AR3YCSH1187FB3CEDC','europop'),('AR3YCSH1187FB3CEDC','bubblegum dance'),('ARNAIMI1187FB5733C','trap music'),('ARNAIMI1187FB5733C','southern hip hop'),('ARNAIMI1187FB5733C','pop rap'),('ARNAIMI1187FB5733C','dirty south rap'),('ARNAIMI1187FB5733C','alternative hip hop'),('ARNAIMI1187FB5733C','crunk'),('ARNAIMI1187FB5733C','gangster rap'),('ARNAIMI1187FB5733C','hip hop'),('ARNAIMI1187FB5733C','indie r&b'),('ARNAIMI1187FB5733C','rap'),('ARQ6OS81187B998B73','melodic hardcore'),('ARQ6OS81187B998B73','alternative emo'),('ARQ6OS81187B998B73','hardcore punk'),('ARQ6OS81187B998B73','straight edge'),('ARQ6OS81187B998B73','skate punk'),('ARQ6OS81187B998B73','punk'),('AR60C3O1187FB46737','old school hip hop'),('AR60C3O1187FB46737','electro'),('AR60C3O1187FB46737','rap'),('AR60C3O1187FB46737','hip hop'),('ARHDI7O1187B9B6850','neo soul'),('ARHDI7O1187B9B6850','r&b'),('ARHDI7O1187B9B6850','pop christmas'),('ARHDI7O1187B9B6850','urban contemporary'),('ARHDI7O1187B9B6850','soul christmas'),('ARHDI7O1187B9B6850','pop'),('ARHDI7O1187B9B6850','dance pop'),('ARSPQAL1187FB3F0E6','deep east coast hip hop'),('ARKFVRI1264D13731A','deep east coast hip hop'),('ART4M471187B990ABC','jazz funk'),('ART4M471187B990ABC','funk'),('ART4M471187B990ABC','quiet storm'),('ART4M471187B990ABC','post-disco'),('ART4M471187B990ABC','classic funk rock'),('AR6EUBG1187B995435','underground hip hop'),('AR6EUBG1187B995435','east coast hip hop'),('AR6EUBG1187B995435','hip hop'),('AR6EUBG1187B995435','turntablism'),('AR6EUBG1187B995435','hardcore hip hop'),('AR6EUBG1187B995435','rap'),('AR6EUBG1187B995435','old school hip hop'),('AR6EUBG1187B995435','alternative hip hop'),('ARFLSLE1187B9AC75E','soul'),('ARFLSLE1187B9AC75E','classic funk rock'),('ARFLSLE1187B9AC75E','memphis soul'),('ARFLSLE1187B9AC75E','funk'),('ARFLSLE1187B9AC75E','soul christmas'),('ARFLSLE1187B9AC75E','funk rock'),('ARFLSLE1187B9AC75E','southern soul'),('ARFLSLE1187B9AC75E','motown'),('ARFLSLE1187B9AC75E','quiet storm'),('ARFLSLE1187B9AC75E','soul blues'),('ARFLSLE1187B9AC75E','chicago soul'),('ARFLSLE1187B9AC75E','disco'),('AR7H9EH1187B990F91','gangster rap'),('AR7H9EH1187B990F91','dirty south rap'),('AR7H9EH1187B990F91','west coast rap'),('AR7H9EH1187B990F91','crunk'),('AR7H9EH1187B990F91','juggalo'),('ARS5PAT1187FB503EF','hip hop'),('ARS5PAT1187FB503EF','east coast hip hop'),('ARS5PAT1187FB503EF','rap'),('ARS5PAT1187FB503EF','hardcore hip hop'),('ARS5PAT1187FB503EF','old school hip hop'),('ARS5PAT1187FB503EF','underground hip hop'),('ARS5PAT1187FB503EF','acid jazz'),('ARS5PAT1187FB503EF','turntablism'),('AR37QVQ1187FB4E011','west coast rap'),('AR37QVQ1187FB4E011','g funk'),('AR37QVQ1187FB4E011','gangster rap'),('AR37QVQ1187FB4E011','hyphy'),('AR37QVQ1187FB4E011','juggalo'),('AR8V9621187B99164D','new jack swing'),('ARSWHKY1187B9B40B2','jazz funk'),('ARSWHKY1187B9B40B2','jazz christmas'),('ARSWHKY1187B9B40B2','smooth jazz'),('ARSWHKY1187B9B40B2','soul jazz'),('AR3DXTG1187FB38776','art rock'),('AR3DXTG1187FB38776','permanent wave'),('AR3DXTG1187FB38776','new wave pop'),('AR3DXTG1187FB38776','piano rock'),('AR3DXTG1187FB38776','indie christmas'),('AR3DXTG1187FB38776','chamber pop'),('AR3DXTG1187FB38776','folk christmas'),('ARPLTOM1187FB43C56','old school hip hop'),('ARPLTOM1187FB43C56','hip hop'),('ARPLTOM1187FB43C56','rap'),('ARPLTOM1187FB43C56','east coast hip hop'),('ARPLTOM1187FB43C56','hardcore hip hop'),('ARPLTOM1187FB43C56','turntablism'),('ARPLTOM1187FB43C56','underground hip hop'),('ARW4XC11187B9B017F','east coast hip hop'),('ARW4XC11187B9B017F','hardcore hip hop'),('ARW4XC11187B9B017F','rap'),('ARW4XC11187B9B017F','hip hop'),('ARW4XC11187B9B017F','old school hip hop'),('ARW4XC11187B9B017F','underground hip hop'),('ARW4XC11187B9B017F','gangster rap'),('ARW4XC11187B9B017F','alternative hip hop'),('ARBYVIH1187B9B9F64','underground hip hop'),('ARBYVIH1187B9B9F64','turntablism'),('ARBYVIH1187B9B9F64','hip hop'),('ARBYVIH1187B9B9F64','old school hip hop'),('ARBYVIH1187B9B9F64','acid jazz'),('ARBYVIH1187B9B9F64','rap'),('ARBYVIH1187B9B9F64','alternative hip hop'),('ARBYVIH1187B9B9F64','rap rock'),('ARZYSCW1187FB52DF7','bossa nova'),('ARZYSCW1187FB52DF7','mpb'),('ARZYSCW1187FB52DF7','samba'),('ARZYSCW1187FB52DF7','brazilian pop music'),('ARGJFIQ11EBCD789D1','alternative hip hop'),('ARJKZMM12420782663','wonky'),('ARJKZMM12420782663','abstract beats'),('ARFS2MY1187FB40893','psychedelic rock'),('ARFS2MY1187FB40893','classic rock'),('ARFS2MY1187FB40893','blues-rock'),('ARFS2MY1187FB40893','rock'),('ARFS2MY1187FB40893','album rock'),('ARFS2MY1187FB40893','progressive rock'),('ARFS2MY1187FB40893','symphonic rock'),('ARFS2MY1187FB40893','british blues'),('ARFS2MY1187FB40893','hard rock'),('AR0DQ0J1187B98948A','old school hip hop'),('AR0DQ0J1187B98948A','electro'),('AR0DQ0J1187B98948A','rap'),('ARTE2FL1187FB51337','east coast hip hop'),('ARTE2FL1187FB51337','hardcore hip hop'),('ARTE2FL1187FB51337','old school hip hop'),('ARTE2FL1187FB51337','rap'),('ARTE2FL1187FB51337','hip hop'),('ARDEP501187B9A0987','p funk'),('ARDEP501187B9A0987','classic funk rock'),('ARDEP501187B9A0987','funk rock'),('ARDEP501187B9A0987','funk'),('AR4OH581187B9B7157','new jack swing'),('AR4OH581187B9B7157','r&b'),('AR4OH581187B9B7157','urban contemporary'),('AR4OH581187B9B7157','soul christmas'),('AR4OH581187B9B7157','pop christmas'),('AR4OH581187B9B7157','neo soul'),('AR4OH581187B9B7157','dance pop'),('ARXWAQQ1187B9AE954','hardcore hip hop'),('ARXWAQQ1187B9AE954','east coast hip hop'),('ARXWAQQ1187B9AE954','rap'),('ARXWAQQ1187B9AE954','hip hop'),('ARXWAQQ1187B9AE954','old school hip hop'),('ARXWAQQ1187B9AE954','gangster rap'),('ARXWAQQ1187B9AE954','underground hip hop'),('ARIZGZE1187B9B1451','post-disco'),('ARIZGZE1187B9B1451','funk'),('ARIZGZE1187B9B1451','disco'),('ARIZGZE1187B9B1451','quiet storm'),('ARIZGZE1187B9B1451','classic funk rock'),('ARIZGZE1187B9B1451','freestyle'),('ARIZGZE1187B9B1451','funk rock'),('AR0Q6XH1187FB3CDE3','underground hip hop'),('AR0Q6XH1187FB3CDE3','alternative hip hop'),('AR0Q6XH1187FB3CDE3','turntablism'),('AR0Q6XH1187FB3CDE3','hip hop'),('AR0Q6XH1187FB3CDE3','abstract hip hop'),('ARPAF9J1187B9B7028','new jack swing'),('ARPAF9J1187B9B7028','miami bass'),('ARPAF9J1187B9B7028','old school hip hop'),('ARX40461187B9ACE24','g funk'),('ARX40461187B9ACE24','gangster rap'),('ARX40461187B9ACE24','west coast rap'),('ARX40461187B9ACE24','juggalo'),('ARX40461187B9ACE24','rap'),('ARX40461187B9ACE24','hip hop'),('ARF8HTQ1187B9AE693','house'),('ARF8HTQ1187B9AE693','filter house'),('ARF8HTQ1187B9AE693','electronic'),('ARF8HTQ1187B9AE693','electro house'),('ARF8HTQ1187B9AE693','edm'),('ARF8HTQ1187B9AE693','electro'),('ARS3Y3O1187B989A23','jazz bass'),('ARS3Y3O1187B989A23','contemporary post-bop'),('ARS3Y3O1187B989A23','hard bop'),('ARQJXPL1187B9B4D6B','hip house'),('ARQJXPL1187B9B4D6B','acid house'),('ARJJVTF1187B989C9C','deep east coast hip hop'),('ARJJVTF1187B989C9C','east coast hip hop'),('ARJJVTF1187B989C9C','old school hip hop'),('ARJJVTF1187B989C9C','hardcore hip hop'),('ARNIZ5P1187B989AF5','east coast hip hop'),('ARNIZ5P1187B989AF5','hardcore hip hop'),('ARNIZ5P1187B989AF5','old school hip hop'),('ARNIZ5P1187B989AF5','rap'),('ARTG85X1187B99D1F5','soul christmas'),('ARTG85X1187B99D1F5','quiet storm'),('ARTG85X1187B99D1F5','soul'),('ARTG85X1187B99D1F5','funk'),('ARTG85X1187B99D1F5','motown'),('ARTG85X1187B99D1F5','funk rock'),('ARTG85X1187B99D1F5','classic funk rock'),('ARTG85X1187B99D1F5','soul blues'),('ARZF5231187B9AEF2B','jazz funk'),('ARZF5231187B9AEF2B','soul jazz'),('ARZF5231187B9AEF2B','acid jazz'),('ARD8P5W1187FB3A92B','old school hip hop'),('ARD8P5W1187FB3A92B','rap'),('ARD8P5W1187FB3A92B','hip hop'),('ART1XOT1187B99A298','album rock'),('ART1XOT1187B99A298','heavy christmas'),('ART1XOT1187B99A298','rock'),('ART1XOT1187B99A298','southern rock'),('ART1XOT1187B99A298','classic rock'),('ART1XOT1187B99A298','hard rock'),('ART1XOT1187B99A298','mellow gold'),('ART1XOT1187B99A298','glam rock'),('ART1XOT1187B99A298','soft rock'),('AR3Z9WY1187FB4CDC2','old school hip hop'),('AR3Z9WY1187FB4CDC2','rap'),('AR3Z9WY1187FB4CDC2','hip hop'),('AR9ODB41187FB459B2','east coast hip hop'),('AR9ODB41187FB459B2','hardcore hip hop'),('AR9ODB41187FB459B2','hip hop'),('AR9ODB41187FB459B2','rap'),('AR9ODB41187FB459B2','underground hip hop'),('AR9ODB41187FB459B2','old school hip hop'),('AR9ODB41187FB459B2','alternative hip hop'),('ARM6LGN1187B9949DB','quiet storm'),('ARM6LGN1187B9949DB','funk'),('ARM6LGN1187B9949DB','motown'),('ARM6LGN1187B9949DB','soul'),('ARM6LGN1187B9949DB','classic funk rock'),('ARM6LGN1187B9949DB','chicago soul'),('ARM6LGN1187B9949DB','disco'),('ARM6LGN1187B9949DB','post-disco'),('ARM6LGN1187B9949DB','funk rock'),('ART7MEI1187B99B8C6','rock steady'),('ART7MEI1187B99B8C6','skinhead reggae'),('ARR09ZZ1187FB4A10A','alternative hip hop'),('ARR09ZZ1187FB4A10A','trap music'),('ARR09ZZ1187FB4A10A','pop rap'),('ARR09ZZ1187FB4A10A','hip hop'),('ARY6F4V1187B99AC0B','northern soul'),('ARY6F4V1187B99AC0B','chicago soul'),('ARY6F4V1187B99AC0B','soul christmas'),('ARY6F4V1187B99AC0B','motown'),('ARTCFOK12E9676E396','alternative hip hop'),('ARTCFOK12E9676E396','indie r&b'),('ARTCFOK12E9676E396','pop rap'),('ARTCFOK12E9676E396','hip hop'),('AR2EDEM1187FB573B1','detroit hip hop'),('AR2EDEM1187FB573B1','alternative hip hop'),('AR2EDEM1187FB573B1','hardcore hip hop'),('AR2EDEM1187FB573B1','rap'),('AR2EDEM1187FB573B1','east coast hip hop'),('AR2EDEM1187FB573B1','hip hop'),('AR2EDEM1187FB573B1','pop rap'),('AR2EDEM1187FB573B1','underground hip hop'),('ARV6Z5I1187B9A22A8','trap music'),('ARV6Z5I1187B9A22A8','southern hip hop'),('ARV6Z5I1187B9A22A8','crunk'),('ARV6Z5I1187B9A22A8','dirty south rap'),('ARV6Z5I1187B9A22A8','pop rap'),('ARV6Z5I1187B9A22A8','alternative hip hop'),('ARWK5QH1187B9A9B7F','dance pop'),('ARWK5QH1187B9A9B7F','pop'),('ARWK5QH1187B9A9B7F','boy band'),('AR4R7QA1187B9AF851','new age'),('ARHWHVQ12C7F535717','alternative hip hop'),('AR6F3811187B9B20FB','intelligent dance music'),('AR6F3811187B9B20FB','drill and bass'),('AR6F3811187B9B20FB','illbient'),('AR6F3811187B9B20FB','acid house'),('AR6F3811187B9B20FB','electronic'),('AR6F3811187B9B20FB','glitch'),('AR6F3811187B9B20FB','big beat'),('ARR2EDS1187B9B57DB','christian hip hop'),('ARBS1OC1187FB44CAF','southern hip hop'),('ARBS1OC1187FB44CAF','pop rap'),('ARBS1OC1187FB44CAF','dirty south rap'),('ARBS1OC1187FB44CAF','trap music'),('ARBS1OC1187FB44CAF','crunk'),('ARBS1OC1187FB44CAF','gangster rap'),('ARBS1OC1187FB44CAF','hip hop'),('AR7QCAS1187B9B32EB','rock-and-roll'),('AR7QCAS1187B9B32EB','rockabilly'),('AR7QCAS1187B9B32EB','jazz blues'),('AR7QCAS1187B9B32EB','soul christmas'),('AR7QCAS1187B9B32EB','jazz christmas'),('AR5Z39P1187FB3EFDD','eurodance'),('AR5Z39P1187FB3EFDD','bubblegum dance'),('AR5Z39P1187FB3EFDD','europop'),('ARVU2XO1187B9893DB','hi nrg'),('ARVU2XO1187B9893DB','disco'),('ARVU2XO1187B9893DB','soul christmas'),('ARVU2XO1187B9893DB','new wave pop'),('AR1VWD91187FB4CE99','british blues'),('AR1VWD91187FB4CE99','psychedelic rock'),('AR1VWD91187FB4CE99','british invasion'),('AR1VWD91187FB4CE99','classic rock'),('AR1VWD91187FB4CE99','protopunk'),('AR1VWD91187FB4CE99','blues-rock'),('AR1VWD91187FB4CE99','folk rock'),('AR1VWD91187FB4CE99','rock'),('AR1VWD91187FB4CE99','glam rock'),('AR1VWD91187FB4CE99','mellow gold'),('AR1VWD91187FB4CE99','album rock'),('AR1VWD91187FB4CE99','roots rock'),('ARL3IIC1187FB394BD','easy listening'),('ARN0IWD1187FB47BD1','bubblegum pop'),('ARN0IWD1187FB47BD1','british invasion'),('ARN0IWD1187FB47BD1','merseybeat'),('ARN0IWD1187FB47BD1','classic garage rock'),('ARBCUNV1187B98A9FB','hip hop'),('ARBCUNV1187B98A9FB','rap'),('ARBCUNV1187B98A9FB','hardcore hip hop'),('ARBCUNV1187B98A9FB','pop rap'),('ARBCUNV1187B98A9FB','gangster rap'),('ARBCUNV1187B98A9FB','juggalo'),('ARBCUNV1187B98A9FB','rap rock'),('ARBCUNV1187B98A9FB','alternative hip hop'),('ARBCUNV1187B98A9FB','pop christmas'),('ARBKN991187FB3DDAE','hollywood'),('ARBKN991187FB3DDAE','show tunes'),('ARYMBWO1187FB3B1F2','funk'),('ARYMBWO1187FB3B1F2','classic funk rock'),('ARYMBWO1187FB3B1F2','funk rock'),('ARYMBWO1187FB3B1F2','quiet storm'),('ARYMBWO1187FB3B1F2','disco'),('ARYMBWO1187FB3B1F2','post-disco'),('ARYMBWO1187FB3B1F2','soul'),('ARYMBWO1187FB3B1F2','motown'),('ARYMBWO1187FB3B1F2','new jack swing'),('AROHMXL1187B9AF4B2','southern hip hop'),('AROHMXL1187B9AF4B2','crunk'),('AROHMXL1187B9AF4B2','trap music'),('AROHMXL1187B9AF4B2','dirty south rap'),('AROHMXL1187B9AF4B2','pop rap'),('AROHMXL1187B9AF4B2','gangster rap'),('AROHMXL1187B9AF4B2','alternative hip hop'),('ARRTOGQ1269FB3446E','progressive electro house'),('ARXOSRG1187FB4AE0D','east coast hip hop'),('ARXOSRG1187FB4AE0D','underground hip hop'),('ARXOSRG1187FB4AE0D','hip hop'),('ARXOSRG1187FB4AE0D','hardcore hip hop'),('ARXOSRG1187FB4AE0D','rap'),('ARXOSRG1187FB4AE0D','alternative hip hop'),('ARXOSRG1187FB4AE0D','old school hip hop'),('ARXOSRG1187FB4AE0D','pop rap'),('ARACINL12A100440E0','dutch house'),('ARHC2H61187B9B5D61','german hip hop'),('ART62WC1187FB47E80','trap music'),('ART62WC1187FB47E80','pop rap'),('ART62WC1187FB47E80','southern hip hop'),('ART62WC1187FB47E80','dirty south rap'),('ART62WC1187FB47E80','crunk'),('ART62WC1187FB47E80','alternative hip hop'),('ART62WC1187FB47E80','hip hop'),('ART62WC1187FB47E80','gangster rap'),('ART62WC1187FB47E80','rap'),('ARH1N081187B9AC562','chamber pop'),('ARCBD0U1187FB466EF','pop rap'),('ARCBD0U1187FB466EF','southern hip hop'),('ARCBD0U1187FB466EF','hip hop'),('ARCBD0U1187FB466EF','dance pop'),('AREJ4S91187B9AD10C','juggalo'),('AREJ4S91187B9AD10C','detroit hip hop'),('AREJ4S91187B9AD10C','gangster rap'),('AREJ4S91187B9AD10C','rap'),('AREJ4S91187B9AD10C','dirty south rap'),('AREJ4S91187B9AD10C','hip hop'),('AREJ4S91187B9AD10C','pop rap'),('AREJ4S91187B9AD10C','hardcore hip hop'),('AREJ4S91187B9AD10C','crunk'),('AREJ4S91187B9AD10C','southern hip hop'),('ARH36O11187B988F04','post-disco'),('ARH36O11187B988F04','funk'),('ARH36O11187B988F04','post-disco soul'),('ARH36O11187B988F04','quiet storm'),('ARH36O11187B988F04','classic funk rock'),('AR33JTX1187B98F4AD','disco'),('AR33JTX1187B98F4AD','post-disco'),('AR33JTX1187B98F4AD','southern soul'),('ARTFRJH12454A4D034','alternative hip hop'),('ARTFRJH12454A4D034','soul flow'),('ARTFRJH12454A4D034','underground hip hop'),('ARTFRJH12454A4D034','pop rap'),('ARTFRJH12454A4D034','hip hop'),('ARO7NLC1187B99415E','indie r&b'),('ARO7NLC1187B99415E','r&b'),('ARO7NLC1187B99415E','urban contemporary'),('ARO7NLC1187B99415E','neo soul'),('AROVHQT1187B9B86F9','funk'),('AROVHQT1187B9B86F9','classic funk rock'),('AROVHQT1187B9B86F9','soul'),('AROVHQT1187B9B86F9','quiet storm'),('AROVHQT1187B9B86F9','chicago soul'),('AROVHQT1187B9B86F9','motown'),('AROVHQT1187B9B86F9','southern soul'),('AROVHQT1187B9B86F9','memphis soul'),('AROVHQT1187B9B86F9','funk rock'),('ARJF9F91187FB3DE63','juggalo'),('ARFEOU611A348F0AB6','wonky'),('ARFEOU611A348F0AB6','glitch hop'),('ARFEOU611A348F0AB6','glitch'),('AR6XU5411C8A4152FE','trap music'),('AR6XU5411C8A4152FE','pop rap'),('AR6XU5411C8A4152FE','southern hip hop'),('AR6XU5411C8A4152FE','crunk'),('AR6XU5411C8A4152FE','dirty south rap'),('AR6XU5411C8A4152FE','alternative hip hop'),('AR3FE581187FB3F90A','pop rap'),('AR3FE581187FB3F90A','trap music'),('AR3FE581187FB3F90A','southern hip hop'),('AR3FE581187FB3F90A','hip hop'),('AR3FE581187FB3F90A','alternative hip hop'),('AR3FE581187FB3F90A','dirty south rap'),('AR3FE581187FB3F90A','rap'),('AR3FE581187FB3F90A','hardcore hip hop'),('ARYNWFO1250940B804','trap music'),('ARYNWFO1250940B804','alternative hip hop'),('ARYNWFO1250940B804','pop rap'),('ARSX7N41187FB46EE6','motown'),('ARSX7N41187FB46EE6','quiet storm'),('ARSX7N41187FB46EE6','soul'),('ARSX7N41187FB46EE6','funk'),('ARSX7N41187FB46EE6','post-disco'),('ARSX7N41187FB46EE6','classic funk rock'),('ARSX7N41187FB46EE6','disco'),('ARSX7N41187FB46EE6','funk rock'),('ARL9C2G1187B9A497C','old school hip hop'),('ARL9C2G1187B9A497C','hip pop'),('ARL9C2G1187B9A497C','rap'),('ARL9C2G1187B9A497C','hip hop'),('ARL9C2G1187B9A497C','hardcore hip hop'),('ARFG66D1187FB536B6','rap'),('ARFG66D1187FB536B6','hardcore hip hop'),('ARFG66D1187FB536B6','gangster rap'),('ARFG66D1187FB536B6','hip pop'),('ARFG66D1187FB536B6','east coast hip hop'),('ARFG66D1187FB536B6','hip hop'),('ARFG66D1187FB536B6','g funk'),('ARFG66D1187FB536B6','west coast rap'),('ARFG66D1187FB536B6','old school hip hop'),('ARDUNBH13F9AD7E672','indie r&b'),('ARDUNBH13F9AD7E672','urban contemporary'),('ARHLGDG11F4C846A37','crunk'),('ARHLGDG11F4C846A37','southern hip hop'),('ARHLGDG11F4C846A37','dirty south rap'),('ARHLGDG11F4C846A37','pop rap'),('ARHLGDG11F4C846A37','trap music'),('ARHLGDG11F4C846A37','gangster rap'),('ARHLGDG11F4C846A37','juggalo'),('ARHLGDG11F4C846A37','hip pop'),('ARHLGDG11F4C846A37','hip hop'),('AR2UWUD1187B9B3B01','vocal jazz'),('AR2UWUD1187B9B3B01','jazz blues'),('AR2UWUD1187B9B3B01','lounge'),('AR2UWUD1187B9B3B01','jazz christmas'),('AR2UWUD1187B9B3B01','christmas'),('ARPVJVZ12FE085D726','trap music'),('ARPVJVZ12FE085D726','deep trap'),('ARPVJVZ12FE085D726','alternative hip hop'),('ARPVJVZ12FE085D726','pop rap'),('ARPVJVZ12FE085D726','southern hip hop'),('ARPVJVZ12FE085D726','dirty south rap'),('ARPVJVZ12FE085D726','crunk'),('ARPVJVZ12FE085D726','hip hop'),('ARD5VN51187B9B8D29','r&b'),('ARD5VN51187B9B8D29','urban contemporary'),('ARD5VN51187B9B8D29','neo soul'),('ARD5VN51187B9B8D29','indie r&b'),('ARD5VN51187B9B8D29','dance pop'),('AR5Y1HG1187B989614','post-disco soul'),('ARU9RQG1187FB4C74F','hip hop'),('ARU9RQG1187FB4C74F','underground hip hop'),('ARU9RQG1187FB4C74F','rap'),('ARU9RQG1187FB4C74F','alternative hip hop'),('ARU9RQG1187FB4C74F','east coast hip hop'),('ARU9RQG1187FB4C74F','hardcore hip hop'),('ARU9RQG1187FB4C74F','old school hip hop'),('ARU9RQG1187FB4C74F','pop rap'),('ARUSLID12A10043D01','trap music'),('ARUSLID12A10043D01','alternative hip hop'),('AR28GYS1187FB53092','beats & rhymes'),('AR8KUJL1187FB46AD6','romantic'),('AR8KUJL1187FB46AD6','classical'),('AR8KUJL1187FB46AD6','classical christmas'),('ARQXIED1187B99C61C','chanson'),('ARQXIED1187B99C61C','cabaret'),('ARGG7S81187FB511E9','alternative hip hop'),('ARGG7S81187FB511E9','pop rap'),('ARGG7S81187FB511E9','trap music'),('ARGG7S81187FB511E9','indie r&b'),('ARGG7S81187FB511E9','hip hop'),('ARXSPAA14BEB94D0F4','metropopolis'),('ARXSPAA14BEB94D0F4','pop'),('ARGQL2Q1187B9B0149','reggae fusion'),('ARGQL2Q1187B9B0149','dancehall'),('ARGQL2Q1187B9B0149','dance pop'),('ARGQL2Q1187B9B0149','pop rap'),('ARCQMJH1187B9B53CC','dirty south rap'),('ARCQMJH1187B9B53CC','witch house'),('ARCQMJH1187B9B53CC','gangster rap'),('ARCQMJH1187B9B53CC','crunk'),('ARCQMJH1187B9B53CC','southern hip hop'),('ARCQMJH1187B9B53CC','trap music'),('ARFJXBN12F0DAC3E88','jerk'),('ARFJXBN12F0DAC3E88','alternative hip hop'),('ARFJXBN12F0DAC3E88','trap music'),('ARFJXBN12F0DAC3E88','pop rap'),('ARFJXBN12F0DAC3E88','hip hop'),('ARJUP3A1187FB55871','hip house'),('ARJUP3A1187FB55871','vocal house'),('ARJUP3A1187FB55871','disco house'),('ARJUP3A1187FB55871','eurodance'),('ARQFENL121318C58A6','indie r&b'),('ARQFENL121318C58A6','alternative r&b'),('ARQFENL121318C58A6','r&b'),('ARQFENL121318C58A6','dance pop'),('ARQFENL121318C58A6','urban contemporary'),('ARQFENL121318C58A6','pop rap'),('ARQFENL121318C58A6','pop christmas'),('ARQFENL121318C58A6','pop'),('AR5O6W51187FB46984','german techno'),('ARL60FF1187B9AE52D','r&b'),('ARL60FF1187B9AE52D','indie r&b'),('ARL60FF1187B9AE52D','urban contemporary'),('ARL60FF1187B9AE52D','pop christmas'),('ARL60FF1187B9AE52D','dance pop'),('ARL60FF1187B9AE52D','pop rap'),('ARMIMHT1187B98F038','quiet storm'),('ARMIMHT1187B98F038','funk'),('ARMIMHT1187B98F038','disco'),('ARMIMHT1187B98F038','post-disco'),('ARMIMHT1187B98F038','classic funk rock'),('ARMIMHT1187B98F038','motown'),('ARMIMHT1187B98F038','soul'),('ARMIMHT1187B98F038','new jack swing'),('ARMIMHT1187B98F038','urban contemporary'),('ARMIMHT1187B98F038','neo soul'),('ARMIMHT1187B98F038','funk rock'),('ARMIMHT1187B98F038','r&b'),('ARGUYNJ11C8A41506B','jerk'),('ARGUYNJ11C8A41506B','pop rap'),('ARGUYNJ11C8A41506B','alternative hip hop'),('ARGUYNJ11C8A41506B','trap music'),('ARGUYNJ11C8A41506B','indie r&b'),('ARGUYNJ11C8A41506B','hip hop'),('AR7GVU91187B99F7E2','r&b'),('AR7GVU91187B99F7E2','urban contemporary'),('AR7GVU91187B99F7E2','dance pop'),('AR7GVU91187B99F7E2','indie r&b'),('AR7GVU91187B99F7E2','hip pop'),('AR7GVU91187B99F7E2','pop'),('AR7GVU91187B99F7E2','pop rap'),('ARQ0AP61187FB58CE9','edm'),('ARQ0AP61187FB58CE9','electro house'),('ARQ0AP61187FB58CE9','house'),('ARMPI3T1187FB37025','juggalo'),('ARMPI3T1187FB37025','horrorcore'),('AR8E5MN1187B9AFBCE','pub rock'),('ARUACYU12420782B4D','jerk'),('ARUACYU12420782B4D','alternative r&b'),('AR8L6W21187B9AD317','motown'),('AR8L6W21187B9AD317','soul christmas'),('AR8L6W21187B9AD317','disco'),('AR8L6W21187B9AD317','quiet storm'),('AR8L6W21187B9AD317','soul'),('AR8L6W21187B9AD317','funk rock'),('AR8L6W21187B9AD317','urban contemporary'),('ARHTUZB11F50C4C14C','grime'),('ARHTUZB11F50C4C14C','pop rap'),('AREL1OU1187B995C9A','christian punk'),('AREL1OU1187B995C9A','christian alternative rock'),('AREL1OU1187B995C9A','christian metal'),('AREL1OU1187B995C9A','christian rock'),('AREL1OU1187B995C9A','christian hardcore'),('AREL1OU1187B995C9A','heavy christmas'),('AREL1OU1187B995C9A','rap rock'),('AREL1OU1187B995C9A','christian christmas'),('AR7NPRY1187B9ADE15','southern hip hop'),('AR7NPRY1187B9ADE15','pop rap'),('AR7NPRY1187B9ADE15','dirty south rap'),('AR7NPRY1187B9ADE15','crunk'),('AR7NPRY1187B9ADE15','trap music'),('AR7NPRY1187B9ADE15','gangster rap'),('AR7NPRY1187B9ADE15','hip hop'),('AR7NPRY1187B9ADE15','rap'),('AR7NPRY1187B9ADE15','dance pop'),('ARATKFG1187B99D260','hip pop'),('ARATKFG1187B99D260','r&b'),('ARATKFG1187B99D260','urban contemporary'),('ARP35L21187B9A83AA','underground hip hop'),('ARP35L21187B9A83AA','turntablism'),('ARP35L21187B9A83AA','alternative hip hop'),('ARP35L21187B9A83AA','hip hop'),('AR2GIJS1187FB3FAC6','old school hip hop'),('AR2GIJS1187FB3FAC6','electro'),('AR2GIJS1187FB3FAC6','east coast hip hop'),('AR2GIJS1187FB3FAC6','hardcore hip hop'),('AR2GIJS1187FB3FAC6','rap'),('AR2GIJS1187FB3FAC6','hip hop'),('ARQUMH41187B9AF699','rap rock'),('ARQUMH41187B9AF699','rap metal'),('ARQUMH41187B9AF699','nu metal'),('ARQUMH41187B9AF699','alternative metal'),('ARYSJWK1187B9B32CE','old school hip hop'),('ARYSJWK1187B9B32CE','hip hop'),('ARYSJWK1187B9B32CE','electro'),('ARYSJWK1187B9B32CE','rap'),('ARYSJWK1187B9B32CE','gangster rap'),('ARYSJWK1187B9B32CE','g funk'),('ARYSJWK1187B9B32CE','juggalo'),('ARYSJWK1187B9B32CE','west coast rap'),('ARYSJWK1187B9B32CE','rap rock'),('AR5PFDG1187FB5027E','new romantic'),('AR5PFDG1187FB5027E','dance rock'),('AR5PFDG1187FB5027E','new wave'),('AR5PFDG1187FB5027E','synthpop'),('AR5PFDG1187FB5027E','new wave pop'),('ARHAEF41187FB38ECB','turntablism'),('ARHAEF41187FB38ECB','underground hip hop'),('ARHAEF41187FB38ECB','hip hop'),('ARHAEF41187FB38ECB','rap'),('ARHAEF41187FB38ECB','east coast hip hop'),('ARHAEF41187FB38ECB','old school hip hop'),('ARHAEF41187FB38ECB','hardcore hip hop'),('ARHAEF41187FB38ECB','alternative hip hop'),('ARTDQRC1187FB4EFD4','dance pop'),('ARTDQRC1187FB4EFD4','pop'),('ARTDQRC1187FB4EFD4','pop rap'),('ARYQSD01187B98D24D','freestyle'),('ARYQSD01187B98D24D','electro'),('ARRCSUW1187B98EFB0','funk rock'),('ARRCSUW1187B98EFB0','classic funk rock'),('ARRCSUW1187B98EFB0','p funk'),('ARRCSUW1187B98EFB0','funk'),('ARRCSUW1187B98EFB0','jazz funk'),('ARRCSUW1187B98EFB0','deep funk'),('AROCAZH1187FB4A092','electro'),('AROCAZH1187FB4A092','old school hip hop'),('AROCAZH1187FB4A092','turntablism'),('AROCAZH1187FB4A092','hip hop'),('AROCAZH1187FB4A092','rap'),('AROCAZH1187FB4A092','acid jazz'),('AROCAZH1187FB4A092','east coast hip hop'),('AR0FE4T1187B98998A','electro'),('AR0FE4T1187B98998A','old school hip hop'),('AR0FE4T1187B98998A','hip house'),('ARROQSO1187B9AEB80','zolo'),('ARROQSO1187B9AEB80','permanent wave'),('ARROQSO1187B9AEB80','post-punk'),('ARROQSO1187B9AEB80','art rock'),('ARROQSO1187B9AEB80','experimental rock'),('ARROQSO1187B9AEB80','protopunk'),('ARROQSO1187B9AEB80','dance rock'),('ARROQSO1187B9AEB80','glam rock'),('ARROQSO1187B9AEB80','new wave'),('ARROQSO1187B9AEB80','alternative rock'),('ARBE9XH1187B9A826F','alternative hip hop'),('ARBE9XH1187B9A826F','hardcore hip hop'),('ARBE9XH1187B9A826F','east coast hip hop'),('ARBE9XH1187B9A826F','rap'),('ARBE9XH1187B9A826F','hip hop'),('AR5U4YG1187FB4A059','funk'),('AR5U4YG1187FB4A059','classic funk rock'),('AR5U4YG1187FB4A059','funk rock'),('AR5U4YG1187FB4A059','quiet storm'),('AR5U4YG1187FB4A059','post-disco'),('AR5U4YG1187FB4A059','disco'),('AR5U4YG1187FB4A059','soul'),('AR5U4YG1187FB4A059','motown'),('AR1S9ZF1187FB3CBB0','classic funk rock'),('AR1S9ZF1187FB3CBB0','funk rock'),('AR1S9ZF1187FB3CBB0','funk'),('AR1S9ZF1187FB3CBB0','soul'),('AR1S9ZF1187FB3CBB0','memphis soul'),('AR1S9ZF1187FB3CBB0','southern soul'),('ARYYFT91187FB50113','east coast hip hop'),('ARYYFT91187FB50113','hardcore hip hop'),('ARYYFT91187FB50113','rap'),('ARYYFT91187FB50113','old school hip hop'),('ARYYFT91187FB50113','underground hip hop'),('ARYYFT91187FB50113','hip hop'),('ARS10A81187B9B6E16','free jazz'),('ARS10A81187B9B6E16','avant-garde jazz'),('ARS10A81187B9B6E16','free improvisation'),('ARZLAUI1187FB5BE49','deep funk'),('ARZLAUI1187FB5BE49','classic funk rock'),('ARZLAUI1187FB5BE49','funk rock'),('ARZLAUI1187FB5BE49','funk'),('ARGEKPA1187FB41A5D','italian disco'),('ARVL39W1187B989514','new jack swing'),('ARVL39W1187B989514','soul christmas'),('ARVL39W1187B989514','urban contemporary'),('ARVL39W1187B989514','quiet storm'),('ARVL39W1187B989514','r&b'),('ARP50JK1187FB53278','smooth jazz'),('ARP50JK1187FB53278','jazz christmas'),('ARYVZHB1271F573F3F','alternative hip hop'),('ARYVZHB1271F573F3F','indie r&b'),('ARYVZHB1271F573F3F','pop rap'),('ARYVZHB1271F573F3F','hip hop'),('ARAZBAQ1187B9AB92B','juggalo'),('ARAZBAQ1187B9AB92B','gangster rap'),('ARAZBAQ1187B9AB92B','west coast rap'),('ARAZBAQ1187B9AB92B','g funk'),('ARAZBAQ1187B9AB92B','detroit hip hop'),('ARAZBAQ1187B9AB92B','hyphy'),('AR20HEB1187B99BFEF','deep funk'),('AR20HEB1187B99BFEF','classic funk rock'),('ARLVAAI1187FB3965C','new wave'),('ARLVAAI1187FB3965C','dance rock'),('ARLVAAI1187FB3965C','new romantic'),('ARLVAAI1187FB3965C','permanent wave'),('ARLVAAI1187FB3965C','synthpop'),('ARLVAAI1187FB3965C','industrial rock'),('ARLVAAI1187FB3965C','uk post-punk'),('ARLVAAI1187FB3965C','art rock'),('ARLVAAI1187FB3965C','new wave pop'),('ARLVAAI1187FB3965C','post-punk'),('AR5CCZY1187B9ABD2D','smooth jazz'),('AR5CCZY1187B9ABD2D','jazz funk'),('AR5CCZY1187B9ABD2D','quiet storm'),('AROZHXK12592CDAC92','alternative hip hop'),('AROZHXK12592CDAC92','trap music'),('AROZHXK12592CDAC92','pop rap'),('AROZHXK12592CDAC92','hip hop'),('AR23U5Y1187FB406B9','east coast hip hop'),('ARVO3AB1187B9ADCB6','nwobhm'),('ARVO3AB1187B9ADCB6','nwothm'),('ARVO3AB1187B9ADCB6','neo-trad metal'),('ARVO3AB1187B9ADCB6','metal'),('ARVO3AB1187B9ADCB6','speed metal'),('AR65Y8H1187FB38CFD','southern soul'),('AR65Y8H1187FB38CFD','soul blues'),('AR65Y8H1187FB38CFD','memphis soul'),('AR65Y8H1187FB38CFD','jazz blues'),('AR65Y8H1187FB38CFD','soul'),('AR65Y8H1187FB38CFD','soul christmas'),('AR65Y8H1187FB38CFD','chicago soul'),('AR65Y8H1187FB38CFD','motown'),('AR65Y8H1187FB38CFD','jazz christmas'),('ARAV4ZE1187B9A1F60','east coast hip hop'),('ART4QZC1187FB51612','urban contemporary'),('ART4QZC1187FB51612','dance pop'),('ART4QZC1187FB51612','r&b'),('ART4QZC1187FB51612','pop'),('ARUN2OO1187B9A7BF3','soft rock'),('ARUN2OO1187B9A7BF3','permanent wave'),('ARUN2OO1187B9A7BF3','mellow gold'),('ARUN2OO1187B9A7BF3','pop christmas'),('ARTOXOB1187B9B78C1','hip hop'),('ARTOXOB1187B9B78C1','underground hip hop'),('ARTOXOB1187B9B78C1','old school hip hop'),('ARTOXOB1187B9B78C1','rap'),('ARTOXOB1187B9B78C1','acid jazz'),('ARTOXOB1187B9B78C1','east coast hip hop'),('ARTOXOB1187B9B78C1','hardcore hip hop'),('ARTOXOB1187B9B78C1','alternative hip hop'),('AR394BM1187FB5C980','chicago soul'),('ARIL1ZZ1187FB56599','northern soul'),('ARIL1ZZ1187FB56599','beach music'),('ARGXMK01187FB43932','post-disco'),('ARGXMK01187FB43932','funk'),('ARGXMK01187FB43932','classic funk rock'),('ARGXMK01187FB43932','disco'),('ARGXMK01187FB43932','funk rock'),('ARGXMK01187FB43932','quiet storm'),('AROYNG01187FB56BA9','new romantic'),('AROYNG01187FB56BA9','dance rock'),('AROYNG01187FB56BA9','new wave'),('AROYNG01187FB56BA9','new wave pop'),('AR0URDW1187B9934E6','old school hip hop'),('AR0URDW1187B9934E6','electro'),('AR0URDW1187B9934E6','hip hop'),('AR0URDW1187B9934E6','rap'),('AR0URDW1187B9934E6','east coast hip hop'),('AR0URDW1187B9934E6','hardcore hip hop'),('ARLMXEA1187B9A7D04','urban contemporary'),('ARLMXEA1187B9A7D04','r&b'),('ARLMXEA1187B9A7D04','pop christmas'),('ARLMXEA1187B9A7D04','new jack swing'),('ARLMXEA1187B9A7D04','soul christmas'),('ARLMXEA1187B9A7D04','dance pop'),('ARLMXEA1187B9A7D04','indie r&b'),('ARLMXEA1187B9A7D04','pop'),('ARLMXEA1187B9A7D04','pop rap'),('AR4GJ3V1187FB4245B','funk'),('AR4GJ3V1187FB4245B','classic funk rock'),('AR4GJ3V1187FB4245B','funk rock'),('AR4GJ3V1187FB4245B','p funk'),('AR4GJ3V1187FB4245B','post-disco'),('AR4GJ3V1187FB4245B','quiet storm'),('AR4GJ3V1187FB4245B','new jack swing'),('AR4GJ3V1187FB4245B','soul'),('ARRPCKN1187FB5BA2F','soul blues'),('ARRPCKN1187FB5BA2F','southern soul'),('ARRPCKN1187FB5BA2F','memphis soul'),('ARRPCKN1187FB5BA2F','southern soul blues'),('ARRPCKN1187FB5BA2F','deep southern soul'),('ARRPCKN1187FB5BA2F','soul'),('AROL0IA1187B9902BA','old school hip hop'),('AROL0IA1187B9902BA','rap'),('AROL0IA1187B9902BA','hip hop'),('AROL0IA1187B9902BA','hardcore hip hop'),('AROL0IA1187B9902BA','east coast hip hop'),('AROL0IA1187B9902BA','gangster rap'),('AR96V8H1187FB395B7','vocal jazz'),('AR96V8H1187FB395B7','jazz christmas'),('AR96V8H1187FB395B7','cabaret'),('AR96V8H1187FB395B7','lounge'),('AR96V8H1187FB395B7','christmas'),('AR96V8H1187FB395B7','adult standards'),('AR96V8H1187FB395B7','jazz blues'),('AR96V8H1187FB395B7','cool jazz'),('AR96V8H1187FB395B7','jazz'),('ARBI7D01187B9AA00B','memphis soul'),('ARBI7D01187B9AA00B','southern soul'),('ARBI7D01187B9AA00B','soul'),('AR1CB5G1187B9AFB8E','bow pop'),('AR1CB5G1187B9AFB8E','progressive rock'),('AR1CB5G1187B9AFB8E','album rock'),('AR1CB5G1187B9AFB8E','soft rock'),('AR1CB5G1187B9AFB8E','symphonic rock'),('AR1CB5G1187B9AFB8E','glam rock'),('AR1CB5G1187B9AFB8E','art rock'),('AR1CB5G1187B9AFB8E','mellow gold'),('AR1CB5G1187B9AFB8E','rock'),('AR83G9J1187FB3C094','soft rock'),('AR83G9J1187FB3C094','mellow gold'),('AR83G9J1187FB3C094','folk rock'),('AR83G9J1187FB3C094','album rock'),('ARU2PH01187B9AC73D','big beat'),('AREHKZU122E5C4FC81','underground pop rap'),('AREHKZU122E5C4FC81','pop rap'),('AREHKZU122E5C4FC81','indie r&b'),('AREHKZU122E5C4FC81','pop'),('AREHKZU122E5C4FC81','dance pop'),('AROURUF1187FB532C9','portland indie'),('AROURUF1187FB532C9','indie fuzzpop'),('ARQJDNC126A031DEF9','australian alternative rock'),('ARQJDNC126A031DEF9','australian indie'),('AR90FV71187B98A79D','new jack swing'),('AR90FV71187B98A79D','quiet storm'),('AR90FV71187B98A79D','post-disco'),('AR90FV71187B98A79D','funk'),('AR90FV71187B98A79D','urban contemporary'),('ARZSKZU1187FB4CE1E','urban contemporary'),('ARZSKZU1187FB4CE1E','hip pop'),('ARZSKZU1187FB4CE1E','r&b'),('ARZSKZU1187FB4CE1E','pop christmas'),('ARZSKZU1187FB4CE1E','dance pop'),('ARZSKZU1187FB4CE1E','soul christmas'),('ARZSKZU1187FB4CE1E','neo soul'),('ARZSKZU1187FB4CE1E','pop'),('AR1PL481187B9B3786','g funk'),('AR1PL481187B9B3786','west coast rap'),('AR1PL481187B9B3786','gangster rap'),('AR1PL481187B9B3786','juggalo'),('AR1PL481187B9B3786','hyphy'),('AR1PL481187B9B3786','rap'),('AR5PF241187B989C1D','east coast hip hop'),('AR5PF241187B989C1D','hardcore hip hop'),('AR5PF241187B989C1D','deep east coast hip hop'),('AR5PF241187B989C1D','old school hip hop'),('AR5PF241187B989C1D','rap'),('ARGY96L1187FB410ED','soul jazz'),('ARGY96L1187FB410ED','jazz funk'),('ARGY96L1187FB410ED','jazz christmas'),('ARARCRR12086C15E7B','broken beat'),('ARM43TH1187B9B62A9','polynesian pop'),('AROLQ1M1187B98ECD9','liquid funk'),('AROLQ1M1187B98ECD9','drumfunk'),('AROLQ1M1187B98ECD9','drum and bass'),('AROLQ1M1187B98ECD9','jungle'),('AROLQ1M1187B98ECD9','neurofunk'),('ARRJ3UC1187FB579D7','hip hop'),('ARRJ3UC1187FB579D7','pop rap'),('ARRJ3UC1187FB579D7','hip pop'),('ARRJ3UC1187FB579D7','indie r&b'),('ARRJ3UC1187FB579D7','southern hip hop'),('ARRJ3UC1187FB579D7','dance pop'),('ARRJ3UC1187FB579D7','neo soul'),('ARRJ3UC1187FB579D7','soul christmas'),('ARRJ3UC1187FB579D7','rap'),('ARRJ3UC1187FB579D7','dirty south rap'),('ARRJ3UC1187FB579D7','r&b'),('ARRJ3UC1187FB579D7','urban contemporary'),('ARRJ3UC1187FB579D7','pop christmas'),('ARBPIT91187B9ABC56','soul'),('ARBPIT91187B9ABC56','motown'),('ARBPIT91187B9ABC56','classic funk rock'),('ARBPIT91187B9ABC56','southern soul'),('ARBPIT91187B9ABC56','funk'),('ARBPIT91187B9ABC56','quiet storm'),('ARBPIT91187B9ABC56','funk rock'),('ARBPIT91187B9ABC56','soul blues'),('ARBPIT91187B9ABC56','jazz blues'),('ARU9Q5Q1187FB3D6EB','soul jazz'),('ARU9Q5Q1187FB3D6EB','hard bop'),('ARU9Q5Q1187FB3D6EB','contemporary post-bop'),('ARU9Q5Q1187FB3D6EB','jazz funk'),('ARU9Q5Q1187FB3D6EB','mallet'),('ARU9Q5Q1187FB3D6EB','jazz'),('ARU9Q5Q1187FB3D6EB','bebop'),('ARU9Q5Q1187FB3D6EB','cool jazz'),('ARU9Q5Q1187FB3D6EB','avant-garde jazz'),('AR2969S1187FB3F5D1','jazz funk'),('AR2969S1187FB3F5D1','soul jazz'),('AR2969S1187FB3F5D1','hard bop'),('AR2969S1187FB3F5D1','jazz'),('AR2969S1187FB3F5D1','bebop'),('AR2969S1187FB3F5D1','contemporary post-bop'),('AR2969S1187FB3F5D1','acid jazz'),('AR2969S1187FB3F5D1','cool jazz'),('ARAKKJF1187B994FB7','hyphy'),('ARAKKJF1187B994FB7','west coast rap'),('ARAKKJF1187B994FB7','g funk'),('ARAKKJF1187B994FB7','gangster rap'),('ARMQ1BF1187B99C71B','deep east coast hip hop'),('ARMQ1BF1187B99C71B','east coast hip hop'),('ARSQSCB1187B9912A0','g funk'),('ARSQSCB1187B9912A0','west coast rap'),('ARSQSCB1187B9912A0','gangster rap'),('ARSQSCB1187B9912A0','juggalo'),('ARSQSCB1187B9912A0','rap'),('ARSQSCB1187B9912A0','hip hop'),('AR3K1T51187FB4042A','p funk'),('AR3K1T51187FB4042A','classic funk rock'),('AR3K1T51187FB4042A','funk'),('AR3K1T51187FB4042A','funk rock'),('AR3K1T51187FB4042A','soul'),('AR3K1T51187FB4042A','motown'),('AR1JLAW1187FB38508','funk rock'),('AR1JLAW1187FB38508','classic funk rock'),('AR1JLAW1187FB38508','p funk'),('AR1JLAW1187FB38508','funk'),('AR1JLAW1187FB38508','funk metal'),('AR1JLAW1187FB38508','soul'),('ARD05091187B9B8D3D','underground hip hop'),('ARD05091187B9B8D3D','alternative hip hop'),('ARD05091187B9B8D3D','hip hop'),('ARD05091187B9B8D3D','east coast hip hop'),('ARD05091187B9B8D3D','hardcore hip hop'),('ARD05091187B9B8D3D','rap'),('ARCU46N1187B992A12','g funk'),('ARCU46N1187B992A12','west coast rap'),('ARCU46N1187B992A12','gangster rap'),('ARCU46N1187B992A12','juggalo'),('ARCU46N1187B992A12','rap'),('ARQT9SA1187B9AD3C7','soft rock'),('ARQT9SA1187B9AD3C7','mellow gold'),('ARQT9SA1187B9AD3C7','folk rock'),('ARQT9SA1187B9AD3C7','album rock'),('ARQT9SA1187B9AD3C7','singer-songwriter'),('ARQT9SA1187B9AD3C7','roots rock'),('ARQT9SA1187B9AD3C7','country rock'),('ARQT9SA1187B9AD3C7','folk-pop'),('ARQT9SA1187B9AD3C7','rock'),('AR7BGWD1187FB59CCB','soul'),('AR7BGWD1187FB59CCB','soul christmas'),('AR7BGWD1187FB59CCB','motown'),('AR7BGWD1187FB59CCB','southern soul'),('AR7BGWD1187FB59CCB','christmas'),('ARNW70F1187B9A6BFD','beatdown'),('ARNW70F1187B9A6BFD','hardcore'),('ARZHZSA1187B988D1C','illbient'),('ARZHZSA1187B988D1C','big beat'),('ARZHZSA1187B988D1C','electronic'),('ARZHZSA1187B988D1C','industrial'),('ARZHZSA1187B988D1C','intelligent dance music'),('ARZHZSA1187B988D1C','industrial rock'),('ARZHZSA1187B988D1C','breakbeat'),('ARZHZSA1187B988D1C','acid house'),('AR0OQPL1187B9B549A','gospel'),('AR0OQPL1187B9B549A','christian christmas'),('ARNDQQ41187B9AE635','rap rock'),('ARNDQQ41187B9AE635','rap metal'),('ARNDQQ41187B9AE635','nu metal'),('ARNDQQ41187B9AE635','funk metal'),('ARNDQQ41187B9AE635','alternative metal'),('ARNDQQ41187B9AE635','funk rock'),('ARNDQQ41187B9AE635','industrial metal'),('ARNDQQ41187B9AE635','groove metal'),('ARNDQQ41187B9AE635','post-grunge'),('ARZDLIK1269FB2E39E','trap music'),('ARZDLIK1269FB2E39E','alternative hip hop'),('ARZDLIK1269FB2E39E','pop rap'),('ARZDLIK1269FB2E39E','hip hop'),('ARTE9CG1187B99B1AF','rap'),('ARTE9CG1187B99B1AF','hip hop'),('ARTE9CG1187B99B1AF','gangster rap'),('ARTE9CG1187B99B1AF','hardcore hip hop'),('ARTE9CG1187B99B1AF','pop rap'),('ARHNB8P1187FB409C3','liquid funk'),('ARHNB8P1187FB409C3','drumfunk'),('ARHNB8P1187FB409C3','drum and bass'),('ARTVUER1187FB3905B','bounce'),('ARTVUER1187FB3905B','crunk'),('ARTVUER1187FB3905B','juggalo'),('AR81UI91187B9A0E3F','dutch pop'),('AR81UI91187B9A0E3F','muziek voor kinderen'),('AR9ECQS1187B98EEDD','polish hip hop'),('AR50L8J1187FB39DD8','chicago soul'),('AR50L8J1187FB39DD8','northern soul'),('AR50L8J1187FB39DD8','motown'),('AR8VVK71187B98E6F8','alternative hip hop'),('AR8VVK71187B98E6F8','trap music'),('AR8VVK71187B98E6F8','pop rap'),('AR8VVK71187B98E6F8','hip hop'),('AREY40T1187FB5C655','smooth jazz'),('AREY40T1187FB5C655','jazz christmas'),('AREY40T1187FB5C655','jazz funk'),('ARSHUKZ11F50C4F89D','gangster rap'),('ARSHUKZ11F50C4F89D','g funk'),('ARSHUKZ11F50C4F89D','west coast rap'),('ARSHUKZ11F50C4F89D','old school hip hop'),('ARSHUKZ11F50C4F89D','rap'),('ARSHUKZ11F50C4F89D','juggalo'),('ARSHUKZ11F50C4F89D','hip hop'),('AR91OQB1187FB4ACE0','rap'),('AR91OQB1187FB4ACE0','old school hip hop'),('AR91OQB1187FB4ACE0','hip hop'),('AR91OQB1187FB4ACE0','gangster rap'),('ARDYD761187FB39B93','old school hip hop'),('ARDYD761187FB39B93','hip hop'),('ARDYD761187FB39B93','rap'),('ARDYD761187FB39B93','east coast hip hop'),('ARDYD761187FB39B93','hardcore hip hop'),('ARDYD761187FB39B93','underground hip hop'),('AR5NYXT1187B995B73','hyphy'),('AR5NYXT1187B995B73','west coast rap'),('AR5NYXT1187B995B73','g funk'),('AR5NYXT1187B995B73','juggalo'),('AR5NYXT1187B995B73','gangster rap'),('AROLBBV13A4B400158','neo soul'),('AROLBBV13A4B400158','pop christmas'),('ARDIN2H1187B994856','post-disco'),('ARDIN2H1187B994856','post-disco soul'),('ARVGUIF1187FB3DFF2','west coast rap'),('ARVGUIF1187FB3DFF2','g funk'),('ARVGUIF1187FB3DFF2','gangster rap'),('ARVGUIF1187FB3DFF2','juggalo'),('ARD3STO1187FB3E36A','juggalo'),('ARPTEL21187B9B210F','west coast rap'),('ARPTEL21187B9B210F','g funk'),('ARPTEL21187B9B210F','deep g funk'),('ARPTEL21187B9B210F','gangster rap'),('ARWVM0Q1187B9A2AFD','west coast rap'),('ARWVM0Q1187B9A2AFD','g funk'),('ARWVM0Q1187B9A2AFD','gangster rap'),('ARWVM0Q1187B9A2AFD','juggalo'),('ARWVM0Q1187B9A2AFD','hyphy'),('ARLAUED1187B9ACEAF','blues-rock'),('ARLAUED1187B9ACEAF','british blues'),('ARLAUED1187B9ACEAF','modern blues'),('ARLAUED1187B9ACEAF','electric blues'),('ARLAUED1187B9ACEAF','classic rock'),('ARLAUED1187B9ACEAF','mellow gold'),('ARLAUED1187B9ACEAF','roots rock'),('ARLAUED1187B9ACEAF','rock'),('ARLAUED1187B9ACEAF','album rock'),('ARSL7B31187B9B2F18','electronic'),('ARSL7B31187B9B2F18','big beat'),('ARSL7B31187B9B2F18','trip hop'),('ARSL7B31187B9B2F18','chill-out'),('ARSL7B31187B9B2F18','acid house'),('ARSL7B31187B9B2F18','downtempo'),('ARSL7B31187B9B2F18','hip house'),('ARXGNJV1187B9B8962','classic funk rock'),('ARXGNJV1187B9B8962','funk'),('ARXGNJV1187B9B8962','memphis soul'),('ARXGNJV1187B9B8962','funk rock'),('ARXGNJV1187B9B8962','soul'),('ARXGNJV1187B9B8962','southern soul'),('ARXGNJV1187B9B8962','post-disco'),('ARXGNJV1187B9B8962','disco'),('ARXGNJV1187B9B8962','quiet storm'),('ARXGNJV1187B9B8962','deep funk'),('ARXGNJV1187B9B8962','chicago soul'),('ARXGNJV1187B9B8962','motown'),('ARXGNJV1187B9B8962','soul blues'),('ARYAVBS1187FB5B46C','teen pop'),('ARYAVBS1187FB5B46C','pop christmas'),('ARYAVBS1187FB5B46C','pop'),('ARYAVBS1187FB5B46C','dance pop'),('AR2R67I1187FB4FF3E','pop rap'),('AR2R67I1187FB4FF3E','trap music'),('AR2R67I1187FB4FF3E','southern hip hop'),('AR2R67I1187FB4FF3E','crunk'),('AR2R67I1187FB4FF3E','dirty south rap'),('AR2R67I1187FB4FF3E','gangster rap'),('AR2R67I1187FB4FF3E','alternative hip hop'),('AR2R67I1187FB4FF3E','hip hop'),('AR6R1OA1187FB4D374','trip hop'),('AR6R1OA1187FB4D374','chill-out'),('AR6R1OA1187FB4D374','downtempo'),('AR6R1OA1187FB4D374','illbient'),('AR6R1OA1187FB4D374','big beat'),('AR6R1OA1187FB4D374','electronic'),('AR6R1OA1187FB4D374','ninja'),('AR6R1OA1187FB4D374','breakbeat'),('AR6R1OA1187FB4D374','nu jazz'),('AR6R1OA1187FB4D374','acid jazz'),('AR6R1OA1187FB4D374','turntablism'),('AR6R1OA1187FB4D374','intelligent dance music'),('AREERZ61187FB3AAC1','new jack swing'),('AREERZ61187FB3AAC1','boy band'),('AREERZ61187FB3AAC1','freestyle'),('AREERZ61187FB3AAC1','urban contemporary'),('ARHLC7T1187B9B8798','soul'),('ARHLC7T1187B9B8798','quiet storm'),('ARHLC7T1187B9B8798','southern soul'),('ARHLC7T1187B9B8798','motown'),('ARHLC7T1187B9B8798','memphis soul'),('ARHLC7T1187B9B8798','chicago soul'),('ARHLC7T1187B9B8798','soul blues'),('ARHLC7T1187B9B8798','funk'),('ARHLC7T1187B9B8798','classic funk rock'),('ARUQ6301187FB54EBA','hip pop'),('ARUQ6301187FB54EBA','old school hip hop'),('ARUQ6301187FB54EBA','hip hop'),('AROI9H41187B99BD8C','deep east coast hip hop'),('AR4JOEZ1187B9AE99A','rap rock'),('AR4JOEZ1187B9AE99A','rap metal'),('AR4JOEZ1187B9AE99A','funk metal'),('AR4JOEZ1187B9AE99A','funk rock'),('AR4JOEZ1187B9AE99A','alternative metal'),('AR4JOEZ1187B9AE99A','nu metal'),('AR4JOEZ1187B9AE99A','rock'),('AR4JOEZ1187B9AE99A','post-grunge'),('AR4JOEZ1187B9AE99A','alternative rock'),('ARPN0Y61187B9ABAA0','permanent wave'),('ARPN0Y61187B9ABAA0','madchester'),('ARPN0Y61187B9ABAA0','new wave'),('ARPN0Y61187B9ABAA0','alternative rock'),('ARPN0Y61187B9ABAA0','indie rock'),('ARPN0Y61187B9ABAA0','rock'),('ARQ8F831187FB5154B','lounge'),('ARQ8F831187FB5154B','adult standards'),('ARB59YI1187FB492AF','brill building pop'),('ARB59YI1187FB492AF','girl group'),('ARSAIUN1187FB398D3','classic rock'),('ARSAIUN1187FB398D3','southern rock'),('ARSAIUN1187FB398D3','roots rock'),('ARSAIUN1187FB398D3','rock'),('ARSAIUN1187FB398D3','country rock'),('ARSAIUN1187FB398D3','blues-rock'),('ARSAIUN1187FB398D3','psychedelic rock'),('ARSAIUN1187FB398D3','mellow gold'),('ARSAIUN1187FB398D3','folk rock'),('ARSAIUN1187FB398D3','album rock'),('ARSAIUN1187FB398D3','soft rock'),('ARSAIUN1187FB398D3','singer-songwriter'),('ARX4G5N1187FB5BDC3','jazz funk'),('ARX4G5N1187FB5BDC3','funk'),('ARX4G5N1187FB5BDC3','classic funk rock'),('ARX4G5N1187FB5BDC3','funk rock'),('ARX4G5N1187FB5BDC3','post-disco'),('ARX4G5N1187FB5BDC3','soul'),('ARX4G5N1187FB5BDC3','quiet storm'),('ARRDD0E1187B9A90D0','neurofunk'),('ARRDD0E1187B9A90D0','jungle'),('ARRDD0E1187B9A90D0','drum and bass'),('ARRDD0E1187B9A90D0','jump up'),('ARDIBRT1187B9AF176','rock'),('ARDIBRT1187B9AF176','classic rock'),('ARDIBRT1187B9AF176','blues-rock'),('ARDIBRT1187B9AF176','album rock'),('ARDIBRT1187B9AF176','hard rock'),('ARHYUI71187FB48366','soul'),('ARHYUI71187FB48366','classic funk rock'),('ARHYUI71187FB48366','memphis soul'),('ARHYUI71187FB48366','funk rock'),('ARHYUI71187FB48366','southern soul'),('ARHYUI71187FB48366','motown'),('ARHYUI71187FB48366','funk'),('ARHYUI71187FB48366','soul blues'),('ARHYUI71187FB48366','chicago soul'),('ARHYUI71187FB48366','quiet storm'),('ARBEOHF1187B9B044D','europop'),('ARBEOHF1187B9B044D','dance pop'),('ARBEOHF1187B9B044D','pop christmas'),('ARBEOHF1187B9B044D','pop'),('ARBEOHF1187B9B044D','new wave pop'),('ARBQFU91187B9A6D5B','quiet storm'),('ARBQFU91187B9A6D5B','disco'),('ARBQFU91187B9A6D5B','hi nrg'),('ARBQFU91187B9A6D5B','soft rock'),('ARBQFU91187B9A6D5B','funk'),('ARBQFU91187B9A6D5B','classic funk rock'),('ARBQFU91187B9A6D5B','soul'),('ARBQFU91187B9A6D5B','motown'),('ARBQFU91187B9A6D5B','new wave pop'),('ARNXNH81187FB52EB5','pop rap'),('ARNXNH81187FB52EB5','jerk'),('ARNXNH81187FB52EB5','chicano rap'),('ARNXNH81187FB52EB5','southern hip hop'),('ARNXNH81187FB52EB5','hip pop'),('ARNXNH81187FB52EB5','latin hip hop'),('ARNXNH81187FB52EB5','crunk'),('ARNXNH81187FB52EB5','dirty south rap'),('ARNXNH81187FB52EB5','dance pop'),('ARNXNH81187FB52EB5','trap music'),('ARNXNH81187FB52EB5','r&b'),('ARNXNH81187FB52EB5','urban contemporary'),('ARNXNH81187FB52EB5','gangster rap'),('ARNXNH81187FB52EB5','hip hop'),('ARVFLIK1187B9AB8E9','world christmas'),('ARVFLIK1187B9AB8E9','rock steady'),('ARVFLIK1187B9AB8E9','reggae'),('ARVFLIK1187B9AB8E9','dub'),('ARVFLIK1187B9AB8E9','roots reggae'),('ARIGPNM1187B98C744','hip pop'),('ARIGPNM1187B98C744','urban contemporary'),('ARIGPNM1187B98C744','r&b'),('ARIGPNM1187B98C744','indie r&b'),('ARIGPNM1187B98C744','dance pop'),('ARIGPNM1187B98C744','pop'),('ARIGPNM1187B98C744','neo soul'),('ARIGPNM1187B98C744','pop rap');
/*!40000 ALTER TABLE `genre` ENABLE KEYS */;
UNLOCK TABLES;

--
-- Table structure for table `sampled`
--

DROP TABLE IF EXISTS `sampled`;
/*!40101 SET @saved_cs_client     = @@character_set_client */;
/*!40101 SET character_set_client = utf8 */;
CREATE TABLE `sampled` (
  `song_md5` varchar(50) NOT NULL,
  `sampled_md5` varchar(50) NOT NULL
) ENGINE=InnoDB DEFAULT CHARSET=latin1;
/*!40101 SET character_set_client = @saved_cs_client */;

--
-- Dumping data for table `sampled`
--

LOCK TABLES `sampled` WRITE;
/*!40000 ALTER TABLE `sampled` DISABLE KEYS */;
INSERT INTO `sampled` VALUES ('SOLQIIM13ACD95EC2C','SOCSVNI14035B4269B'),('SOLQIIM13ACD95EC2C','SOCSVNI14035B4269B'),('SOEMXCX1412E99541C','SOXEGDS13AA4FBFCDB'),('SOEMXCX1412E99541C','SOHJFWO13129A90A8D'),('SOEMXCX1412E99541C','SONFWUF14608B6713A'),('SOEMXCX1412E99541C','SOMLOFO13AC38278DA'),('SOOEPCR12C0DDBEDC3','SOADFVW13167714C48'),('SOOEPCR12C0DDBEDC3','SOBYPPN142EEDB8D1A'),('SOOEPCR12C0DDBEDC3','SOMLOFO13AC38278DA'),('SOJQDFU13CCC734A02','SONFWUF14608B6713A'),('SOALQZQ12AF729F02C','SONFWUF14608B6713A'),('SOHKBCO141342ED544','SOHJFWO13129A90A8D'),('SOJCJAT14A456A0B2E','SONFWUF14608B6713A'),('SOJCJAT14A456A0B2E','SOJLRGK13C89B3A521'),('SOHSMKW1498AC479DA','SOXEGDS13AA4FBFCDB'),('SOYUZXC12A67ADA22F','SONFWUF14608B6713A'),('SOACHKY12A6D4FA5A5','SONFWUF14608B6713A'),('SOCXJLP12A6D4FA5C5','SOFGXVS1377A32C870'),('SOCXJLP12A6D4FA5C5','SONFWUF14608B6713A'),('SOHXLBD14815B43D22','SOXEGDS13AA4FBFCDB'),('SOEMVDH1315CD4A28A','SOVIOJK144C27E063D'),('SOEMVDH1315CD4A28A','SOHJFWO13129A90A8D'),('SOOSAAQ14E027DD500','SOOQNFC13667FD5283'),('SOOSAAQ14E027DD500','SOMLOFO13AC38278DA'),('SOOSAAQ14E027DD500','SONKPYZ14373B74DF4'),('SOOSAAQ14E027DD500','SOMWLIQ13E90570D39'),('SOGWGSJ12AF72A8AC2','SOTIQQL12A6D4F7992'),('SOGWGSJ12AF72A8AC2','SOMMWZB12A8AE459C8'),('SOGWGSJ12AF72A8AC2','SOJAHNN13167713E5C'),('SOGWGSJ12AF72A8AC2','SOMFEEF1312FDFF433'),('SOUIXKF1315CD3E9B6','SONFWUF14608B6713A'),('SOCCYRZ1460C342701','SOHLTYR13B193B6F42'),('SOCCYRZ1460C342701','SOADFVW13167714C48'),('SOCCYRZ1460C342701','SOEQBZN1315CD4806F'),('SOCCYRZ1460C342701','SOGEWMP1315CD4E61D'),('SOLQXVZ12B3A1CF0BA','SOSELQB147E628B6A2'),('SOLQXVZ12B3A1CF0BA','SOBHZDS13129A91502'),('SOLQXVZ12B3A1CF0BA','SOADFVW13167714C48'),('SOLAWAH1379E4E3E1F','SOBYPPN142EEDB8D1A'),('SOLAWAH1379E4E3E1F','SOEZZGV1311AFD6844'),('SOLAWAH1379E4E3E1F','SOAYIMA1311AFDF914'),('SOHNILM13152A773E8','SOAMPAW146166D1AE0'),('SOHNILM13152A773E8','SOZIVOF13152A76506'),('SOHNILM13152A773E8','SOADFVW13167714C48'),('SOHNILM13152A773E8','SOHUTTN1373EF5CD09'),('SOARINE133EB878E99','SOBYPPN142EEDB8D1A'),('SOSPSZA12A8AE489BF','SOBYPPN142EEDB8D1A'),('SOTAQIP14310EB6534','SOADFVW13167714C48'),('SOTAQIP14310EB6534','SOEPDWA1315CD4B7AC'),('SOCCZTY14E8943CB00','SOADFVW13167714C48'),('SOKORHD13E15AE0A12','SOADFVW13167714C48'),('SODTTIS1312FDFF357','SOBYPPN142EEDB8D1A'),('SOKKJZI1312A8AD354','SOEWEVP12A8C13A82B'),('SOKKJZI1312A8AD354','SOADFVW13167714C48'),('SOKKJZI1312A8AD354','SONOGAZ139E54A5941'),('SOAUIDE145B1421326','SOORYAY14B1775E63E'),('SOAUIDE145B1421326','SOBYPPN142EEDB8D1A'),('SOAUIDE145B1421326','SONAVAR141802A357F'),('SOAUIDE145B1421326','SOBQQLP12AB01834AF'),('SOULQQV1505ABFC236','SOJTYFS1315CD4B98D'),('SOULQQV1505ABFC236','SOADFVW13167714C48'),('SOTKHAK14EF71DAB4F','SOHXPXM12A67AD715E'),('SOTKHAK14EF71DAB4F','SOADFVW13167714C48'),('SOKABGN12B0B80C1E5','SOADFVW13167714C48'),('SOCTCCQ150D3980B37','SOXVPIE1366D887A22'),('SOWOANO1311AFD4AA0','SOBYVOM144B2E9ED88'),('SOBGTDS1371640A701','SOGXHKS1315CD46E7A'),('SOAAGOE1373F33B25E','SOBYVOM144B2E9ED88'),('SOBQTCB1488DB89153','SOWMMYB150DAB9C9F8'),('SOBQTCB1488DB89153','SOSBFQI1311AFD76A8'),('SOBQTCB1488DB89153','SOAONOY12B0B806737'),('SOSOVNY14627FA5C7E','SOBYVOM144B2E9ED88'),('SOHWARS12A58A79CE3','SOBYVOM144B2E9ED88'),('SOFZAID1393C6C4815','SOBYVOM144B2E9ED88'),('SOEOLWV14614141716','SOBVHLR13778C1F35F'),('SOEOLWV14614141716','SOBDDFR1313439A587'),('SOFYSEG12AF72A29F0','SORBNEW12A8C1378F5'),('SOFYSEG12AF72A29F0','SOUGDSA13D155219C3'),('SOSVBKD12A6701E0BC','SORBNEW12A8C1378F5'),('SOSVBKD12A6701E0BC','SOKLGKY13ADE74F142'),('SOFMXPB13E90684912','SOCKSER1311AFD68D8'),('SOFMXPB13E90684912','SOLGLXS13F65BFC0F2'),('SOFDQYP12AF729F2D5','SORBNEW12A8C1378F5'),('SOYJLIZ12A8C136EB9','SOTPCTO1375392FA70'),('SOYJLIZ12A8C136EB9','SOJYETU14A4414517E'),('SOYJLIZ12A8C136EB9','SOBHYLM144BF14B81B'),('SOYJLIZ12A8C136EB9','SOEVHZW144F504DD1C'),('SOYJLIZ12A8C136EB9','SOOYIRB144BDCC8A07'),('SOPJATV131343A02A5','SODHSJJ14B86FDE9E4'),('SOPJATV131343A02A5','SORBNEW12A8C1378F5'),('SOPJATV131343A02A5','SOFCZWW144E641586F'),('SODKINC12C0DD03ACD','SOZEMIW13A18D26FB9'),('SODKINC12C0DD03ACD','SORWMBA13740A0CB75'),('SODKINC12C0DD03ACD','SORBNEW12A8C1378F5'),('SODKINC12C0DD03ACD','SOWNPAG1312A8AA2D7'),('SODKINC12C0DD03ACD','SOECXSG12AB018188C'),('SOLCWSP1460686A99D','SOZQNWS1475B879C78'),('SOLCWSP1460686A99D','SORBNEW12A8C1378F5'),('SOLCWSP1460686A99D','SOWZPLD131F71D65D0'),('SOZCVPY14692F0638D','SOJLRGK13C89B3A521'),('SOZCVPY14692F0638D','SOABOVE131677199F3'),('SOZCVPY14692F0638D','SOTXXKB13771E973F6'),('SOPYERC13669F7439E','SOGMQPA1311AFED6F9'),('SORBEHI12A6701FF37','SOZUFBK150E15E9B9F'),('SORBEHI12A6701FF37','SOIFNAX144AD11923D'),('SORBEHI12A6701FF37','SOYMGZL1419C95ECD2'),('SORFKQS14881E746E2','SOYMGZL1419C95ECD2'),('SOGFGWY12AF729F286','SOGBEKY137723B264B'),('SOGFGWY12AF729F286','SOYMGZL1419C95ECD2'),('SOGFGWY12AF729F286','SOVRSGE12AB0185D92'),('SOSOREZ1315CD4C170','SOFDVMZ13C1BE736C2'),('SOSOREZ1315CD4C170','SOYMGZL1419C95ECD2'),('SOSOREZ1315CD4C170','SOHPODW12A67020395'),('SOPBBUT13129A903D7','SOYMGZL1419C95ECD2'),('SOPBBUT13129A903D7','SOYNSAJ13E86142F5C'),('SOPBBUT13129A903D7','SOCFDQG12AC4687CEC'),('SOPBBUT13129A903D7','SOFCNQL13611CE3D3F'),('SOPBBUT13129A903D7','SOMKEOD13690C968D3'),('SOHSZNG14035B714D3','SOJFVXC12AB0183A6C'),('SOHSZNG14035B714D3','SOYMGZL1419C95ECD2'),('SOHYRMI12AB018683A','SOMLEKB1488DA9279F'),('SOIWBJS12A8C137DA6','SOMLEKB1488DA9279F'),('SOJKYWR132C080B1BD','SOMLEKB1488DA9279F'),('SOJKYWR132C080B1BD','SOXAELK1368A463114'),('SOJKYWR132C080B1BD','SOFTJMF144BD0DC2F4'),('SOVVZAT130516DF08F','SOGZTJL14AF5D178A6'),('SOVVZAT130516DF08F','SOMLEKB1488DA9279F'),('SOEIUFJ1315CD488FA','SOJLHKC14F9434C046'),('SOJBELU141C9F9A820','SOUQWDH144E683BBB3'),('SOJBELU141C9F9A820','SOFSDDL137326A64C1'),('SOJBELU141C9F9A820','SOFAAPF145098E1299'),('SODRKZF1313438BB1C','SOBEQGM12AB018418B'),('SOPZZHJ1316771A032','SOMMWZB12A8AE459C8'),('SOIFXKT12A6310E2AD','SOMMWZB12A8AE459C8'),('SOIFXKT12A6310E2AD','SOTAQIP14310EB6534'),('SOSZXYU12AB01856EF','SOMMWZB12A8AE459C8'),('SOSZXYU12AB01856EF','SOYINPQ13E907CEEB1'),('SODBGAA13152A774DC','SOMFEEF1312FDFF433'),('SODBGAA13152A774DC','SOEVFVS130516E3BC9'),('SODBGAA13152A774DC','SOELPII1315CD4B467'),('SOMUOBL12AF72A6FF4','SOMQJOP1280ED4E369'),('SOMUOBL12AF72A6FF4','SOMMWZB12A8AE459C8'),('SOAOMRG13603559D22','SOJAHNN13167713E5C'),('SOGBVAY146FE6D81E0','SOMFEEF1312FDFF433'),('SOGBVAY146FE6D81E0','SOGIYPY12A6D4F8B44'),('SOGBVAY146FE6D81E0','SOJVRQW13A18D23154'),('SOGBVAY146FE6D81E0','SOGDBBC12AB018576E'),('SOETMYZ13C1C3E30E4','SOCKEHT1311AFDAF8D'),('SOETMYZ13C1C3E30E4','SOADQZW12A67021BE2'),('SOETMYZ13C1C3E30E4','SOLYDXM1315CD50330'),('SOHWWNL13E907DBD86','SOTYBFF13152A70D21'),('SOHWWNL13E907DBD86','SOEAGQV1315CD4C4FB'),('SOFHUVC13FB9E36053','SOFFRIN14606EB605F'),('SOFHUVC13FB9E36053','SOMFEEF1312FDFF433'),('SOHCHAV13731465049','SOAKUTH12A8C135B29'),('SOHCHAV13731465049','SOMNISO14A43A1D45C'),('SOHCHAV13731465049','SONJEVF12AB0185D34'),('SOGSFTG13DC6638F8C','SOCYNGT12A6D4F8207'),('SOGSFTG13DC6638F8C','SORZFDS144BD2CB1C4'),('SOGSFTG13DC6638F8C','SOSXBSN131634A7A4A'),('SOGSFTG13DC6638F8C','SOMMWZB12A8AE459C8'),('SOOBSPY135CD0B4586','SOTIQQL12A6D4F7992'),('SOOBSPY135CD0B4586','SOEUIZS14744BE775B'),('SOKNTHJ147E7483308','SOMMWZB12A8AE459C8'),('SOZHPXF14D2CD4EBB7','SOMEYQA1373141A0F2'),('SOZHPXF14D2CD4EBB7','SOMMWZB12A8AE459C8'),('SOZHPXF14D2CD4EBB7','SOLZYAY14D2CD5585A'),('SOYHSBK13731E7F3DA','SOBXVLI1376CD42A4C'),('SOYHSBK13731E7F3DA','SOFIAWX12AF72A0D5E'),('SOYHSBK13731E7F3DA','SOKYETG12A6D4F82A3'),('SOYHSBK13731E7F3DA','SODKDDM1478C0C2B46'),('SOKSPXE13775D0F3F3','SOMFEEF1312FDFF433'),('SOOTDHQ13134393647','SOITXKJ136A5D7C245'),('SOOTDHQ13134393647','SOMFEEF1312FDFF433'),('SOGQLWO12A67020AE4','SOTIQQL12A6D4F7992'),('SOMHNIE13152A748EA','SOJAHNN13167713E5C'),('SOCKZHU13665A61A7B','SOMFEEF1312FDFF433'),('SOCKZHU13665A61A7B','SOQYEMN13C1BD5578F'),('SOTGNAG13719FB7DD4','SOJAHNN13167713E5C'),('SOMPUIR13EDB246702','SODNTJE1313439FD97'),('SOMPUIR13EDB246702','SOEJQLG12B0B80C245'),('SOQDQGL139358ACBAC','SOJAHNN13167713E5C'),('SOQDQGL139358ACBAC','SOIHLSK13935C02C87'),('SOPLWDU12AB018BC05','SOBUROU144D22B7641'),('SOPLWDU12AB018BC05','SOCUSMS1316771D373'),('SOMAGHG144B00DE786','SOBVHLR13778C1F35F'),('SOMAGHG144B00DE786','SOMMWZB12A8AE459C8'),('SOFWLIT12AF729EF0F','SOBAWDZ144BEDFAB53'),('SOFWLIT12AF729EF0F','SOMMWZB12A8AE459C8'),('SOFWLIT12AF729EF0F','SOKYPJR1313439AB25'),('SOECZFG1311AFD9D8D','SOQZWQB135C2D19DAC'),('SOECZFG1311AFD9D8D','SOJAHNN13167713E5C'),('SOWOHXA136AAFC0BB5','SOMMWZB12A8AE459C8'),('SOFOERC14D2CD7FAA5','SOVLECN145B064A8B9'),('SOFOERC14D2CD7FAA5','SOMMWZB12A8AE459C8'),('SOAINRY13610E0610D','SOTYBFF13152A70D21'),('SOIPVJW12AB0186BDC','SODHUPZ12DA01F2605'),('SOGQCLO143FE06FC23','SOAXGWW12AF72A32B3'),('SOOEIWF12A8C142137','SOPMNHW12AB01879DC'),('SOYEYIC1311AFDDFF0','SOEQBZN1315CD4806F'),('SOYEYIC1311AFDDFF0','SOEHQZP143F1CE9930'),('SOYEYIC1311AFDDFF0','SOAQZXK12A6701D993'),('SOGUTSD13E906424E6','SOFDVEJ1467ACACC7F'),('SOGUTSD13E906424E6','SOEQBZN1315CD4806F'),('SOGUTSD13E906424E6','SOYGGCM13FB17EE231'),('SOCADFJ13935C01268','SOBPTEY12A6D4F8619'),('SOCADFJ13935C01268','SOABOVE131677199F3'),('SOFMBCA12AB01863AA','SOEQBZN1315CD4806F'),('SONFEVO13E90671028','SOHSEEK1376CC8B52B'),('SONFEVO13E90671028','SOEQBZN1315CD4806F'),('SOCRUEW12AF729F8B5','SOEQBZN1315CD4806F'),('SODWEIJ131343A1B3F','SOFUTRB13167714B5A'),('SORFEFG12A6D4F96A4','SOYBJBG144ED628A34'),('SORFEFG12A6D4F96A4','SOKMYZD1312A8AB21B'),('SORFEFG12A6D4F96A4','SOISGRD12A6D4F720D'),('SORFEFG12A6D4F96A4','SOFWNCQ14788E7A710'),('SOBEOOY14046C81001','SOAOUZW145FD8EA782'),('SOBEOOY14046C81001','SOWEBPK144AE496F61'),('SOBEOOY14046C81001','SORUDJI1311AFE3896'),('SOCBZME13134388138','SOFSLEH1369E069CE9'),('SOCSIRV12AF72A1F66','SOPKEGR131343A2E01'),('SOKUFVN135A5B785C3','SOBRCHG151B68A726E'),('SOBEDLU13134386598','SOCTRBF145B47F448F'),('SONMAHZ14A153809EE','SOPLOQR137755B6F87'),('SONMAHZ14A153809EE','SOHXTPH1313439C75F'),('SOBUNCF134D7CF0DBE','SOWMLEW1376D65D504'),('SOFAUBD144DC7969C4','SOSFCGQ144BD71C859'),('SOFAUBD144DC7969C4','SOSELQB147E628B6A2'),('SOFAUBD144DC7969C4','SOHGXMG13134385F1B'),('SOHUEXR133A922EE89','SOSELQB147E628B6A2'),('SOHUEXR133A922EE89','SOBXMKX12C106D17B3'),('SOPOUTF13E9078375F','SOSELQB147E628B6A2'),('SOPOUTF13E9078375F','SOXUUCL1377021D340'),('SOPOUTF13E9078375F','SOLVLTL1315CD4062E'),('SOREQSC1311AFEA478','SOSELQB147E628B6A2'),('SOREQSC1311AFEA478','SOCIUMN13579E7CB08'),('SOKUBQW12AF72AC4E2','SOSELQB147E628B6A2'),('SOKUBQW12AF72AC4E2','SOHKOGQ14E89BBE0B0'),('SOUELPY12A58A7B4A1','SOSELQB147E628B6A2'),('SOUELPY12A58A7B4A1','SOCTBLJ144DCE103E3'),('SOUELPY12A58A7B4A1','SOBNTPS13EB62D654F'),('SOUELPY12A58A7B4A1','SOFFVUU12AF729D143'),('SOANPOJ130516E0EA8','SOSELQB147E628B6A2'),('SOANPOJ130516E0EA8','SOUQWDH144E683BBB3'),('SONMCTA136880AF48B','SOSELQB147E628B6A2'),('SONMCTA136880AF48B','SOAYAXJ1376791C8A2'),('SOQTJZY1311AFEC375','SOGQISI144EE0DA7D1'),('SOQTJZY1311AFEC375','SORLIRU13DC2D06B12'),('SOFKQKR1312A8A6268','SOGQISI144EE0DA7D1'),('SOAYJSG13F62C85A2F','SOGQISI144EE0DA7D1'),('SOAGGDD1313439A1F1','SOGQISI144EE0DA7D1'),('SOJBCIS1360E3BDBA6','SOBCVCU12AB01827A3'),('SOJBCIS1360E3BDBA6','SOIAFSF1313438BD91'),('SOJBCIS1360E3BDBA6','SOMFEEF1312FDFF433'),('SOJBCIS1360E3BDBA6','SOKKCUE137337610CA'),('SORSUQP12A6D4F9CBB','SOAEGLX12A6D4F67AD'),('SOUWCZN14F308A2DC8','SOVFPHZ12A8C143AF0'),('SOUWCZN14F308A2DC8','SOHUTTN1373EF5CD09'),('SOUWCZN14F308A2DC8','SOSLPVD131343862D2'),('SOUWCZN14F308A2DC8','SOQLAGE12AB0187EC2'),('SOBKRSH1376CFAFC1C','SOHUTTN1373EF5CD09'),('SOAOHKM13152A75793','SOAMNAV1312A8AE563'),('SOAOHKM13152A75793','SOHUTTN1373EF5CD09'),('SOCNYEC13152A7583F','SOSVZIX131343A0E27'),('SOCNYEC13152A7583F','SOHUTTN1373EF5CD09'),('SOHNZRA12B0B808A15','SODTEKK1313439BC4F'),('SOHNZRA12B0B808A15','SOHUTTN1373EF5CD09'),('SOAAABF131712D0D88','SOIYSSA12AB0189B6B'),('SOAAABF131712D0D88','SOFJHTA12A6701FBB0'),('SOAAABF131712D0D88','SOUMOVC14373DA0050'),('SOOEVXL13B17AB4C4B','SOFHUVC13FB9E36053'),('SOOEVXL13B17AB4C4B','SONSJOZ13D2162DD1C'),('SOOEVXL13B17AB4C4B','SOWXZSP14CE474B8AA'),('SOOEVXL13B17AB4C4B','SOFJHTA12A6701FBB0'),('SOOEVXL13B17AB4C4B','SONOLKG144E48388A8'),('SOIBJLB13DB9E6627C','SOFJHTA12A6701FBB0'),('SOAOMGZ1372EFB640C','SOFJHTA12A6701FBB0'),('SOAOMGZ1372EFB640C','SOCEVCJ137704EFB96'),('SOAOMGZ1372EFB640C','SOQWSBO1376E68DF1E'),('SOUSPMR13E9067AFFF','SOFJHTA12A6701FBB0'),('SOGIHOP13F70D011EE','SOYRPVC13E2461FCC5'),('SOXUXZK1427D9DD229','SOFJHTA12A6701FBB0'),('SOXUXZK1427D9DD229','SOYPJZP144E17CEB2D'),('SOGNPHN12A6701FBFB','SOTGMJM13D4FC146FD'),('SOGNPHN12A6701FBFB','SOFJHTA12A6701FBB0'),('SOLSGTY147471CFB8E','SOAWLDJ1392AE3808A'),('SOFIIFA13E8FC61FE2','SOAWLDJ1392AE3808A'),('SOMBPGI14C59DE56DF','SOAWLDJ1392AE3808A'),('SOEUGHG1366E79AF9F','SOBLONK13775B58A3E'),('SOEUGHG1366E79AF9F','SOAWLDJ1392AE3808A'),('SOEUGHG1366E79AF9F','SOBMOOV131343A1A83'),('SOEUGHG1366E79AF9F','SONZZUA13B1F768FA5'),('SOPJKOR1315CD4C2D0','SOJEWEI1311AFE9981'),('SOPJKOR1315CD4C2D0','SOAWLDJ1392AE3808A'),('SOPJKOR1315CD4C2D0','SOKOXQN136F1450D0D'),('SOKRRBZ14CE472A2C5','SOAWLDJ1392AE3808A'),('SOXWVTF14BAA31C92A','SOQEBSU12A8C13227C'),('SOKJDAY1315CD3F893','SOLZZMV12A8C13A055'),('SOKJDAY1315CD3F893','SOFHFAX1313439CA42'),('SOXZETL13FFC4A7BF7','SOLLYBK13E99EB53CD'),('SOXZETL13FFC4A7BF7','SOIWNMY12A8C13C018'),('SODAUKI1312FE01F98','SOGUPLQ1311AFD85CB'),('SODPJEU12A6D4F9FE7','SOBMQOL12A8C133BED'),('SODPJEU12A6D4F9FE7','SOJGIHI12AB018855E'),('SOXXCDL13FFC4B876B','SOPHNCA13741123513'),('SOGZQDM1312FDFE97A','SOBVHLR13778C1F35F'),('SOGZQDM1312FDFE97A','SOOMFLH12AF72A64D9'),('SOUGEFA1315CD3EFFE','SOLBFVC13134395715'),('SOUGEFA1315CD3EFFE','SOBRWKJ13E682709FD'),('SOHNFRE131634A7A9D','SOHITEK12AB0188CA6'),('SOXDPMS13E65BD4AE6','SOQUANT144BD0F3F57'),('SOXDPMS13E65BD4AE6','SOMGKOT1315CD48123'),('SOHNUDQ13A6181F623','SOIDAVQ1366EF9637D'),('SOHNUDQ13A6181F623','SOBMYEL12A8C13AEE4'),('SOXIYJH131343882EA','SOEDJBA141E8CED686'),('SOXIYJH131343882EA','SOFIHNP15082BC7AD6'),('SOFJSZH12A6D4F5ED3','SOFAXFH13167714989'),('SOBHKDN137566C7672','SOFHFAX1313439CA42'),('SOMGKOT1315CD48123','SOBNPYT137191B92EC'),('SOMGKOT1315CD48123','SOJKGDX131712D1CC7'),('SOLZZMV12A8C13A055','SOELYON12AB01876A3'),('SOLZZMV12A8C13A055','SOWMGUC12A8C13D8A4'),('SOLZZMV12A8C13A055','SOKJDAY1315CD3F893'),('SOLZZMV12A8C13A055','SODZQFU1311AFD6874'),('SOLZZMV12A8C13A055','SOSYBKY1315CD3F47D'),('SOOCMSF136CA2E9BC1','SOTDEIW13129A90A2A'),('SOOCMSF136CA2E9BC1','SOUWHOE1377ABBFE81'),('SOOCMSF136CA2E9BC1','SOCBRLP1315CD457DE'),('SOOCMSF136CA2E9BC1','SONRNZQ1311AFEB2A6'),('SOCHYGD146B24E3DFB','SOMIUGA13E9373AB3A'),('SOCHYGD146B24E3DFB','SOSUITN136731FE18D'),('SOCHYGD146B24E3DFB','SOZNVPC13A5BCAB634'),('SOCHYGD146B24E3DFB','SOSYOCD139E08F7CE9'),('SOJMXXO14FAF9CD4A3','SOTPRNG13E36AD3F10'),('SOBPKPW12A6701E8F9','SOIWNMY12A8C13C018'),('SOZAOSU1371E794009','SOIWNMY12A8C13C018'),('SOYSDVZ12AB0187AED','SOIWNMY12A8C13C018'),('SOLQDCH145B0D8D8FB','SOIWNMY12A8C13C018'),('SOBVYHS14373B6B361','SOCVPGY12AB017E0DB'),('SOKAWBB13E9072E38B','SOGBXCB13741087159'),('SOKAWBB13E9072E38B','SOQJEAC12A8C140B9E'),('SORUGDD1487587FA2E','SODVHXM144F4C7E58E'),('SORUGDD1487587FA2E','SOJDCSR137419E632A'),('SOHGKVW12AB01892F2','SOCVPGY12AB017E0DB'),('SOHRTDW13C6B39BE55','SOWEBPK144AE496F61'),('SOHRTDW13C6B39BE55','SOYGUNF13E90897CB5'),('SOISCHF14E8BB8EFE2','SONGUVC1393E7DEF6D'),('SOISCHF14E8BB8EFE2','SOCVPGY12AB017E0DB'),('SOISCHF14E8BB8EFE2','SOQHUKJ1315CD479D4'),('SOYBRIB14606A7FEBD','SOCVPGY12AB017E0DB'),('SOYBRIB14606A7FEBD','SOBEUGG131343881D2'),('SOYBRIB14606A7FEBD','SOREQSC1311AFEA478'),('SOGRTZJ130516DE18C','SORDPQB13D993E1DBC'),('SOGRTZJ130516DE18C','SOFNSNT12A8C13FBEB'),('SOGRTZJ130516DE18C','SOCKRBU1412339D5D4'),('SOGRTZJ130516DE18C','SOHOTHJ13672DE676D'),('SOCXSVE13A7D373EBF','SOIZXIC13778CADC97'),('SOUBQQK13740BA260B','SOCVPGY12AB017E0DB'),('SOMDKNP131677110F5','SOIAUKM13775621C02'),('SOMDKNP131677110F5','SOBGWVS12AB018CD7C'),('SOBMMYA136A3FA26BA','SOCVPGY12AB017E0DB'),('SOBMMYA136A3FA26BA','SOHERTB12AF72A154E'),('SOMCFXV13E7FDB8126','SOHPEJE13E907A3ADE'),('SOZAPUA14E89230AD5','SOZAGAH12B0B80B4A8'),('SOGSXGU12AC4685E6D','SOVZHKO1360E3B78AF'),('SOGSXGU12AC4685E6D','SORDPQB13D993E1DBC'),('SOOEDKC12AB0181705','SOXZNFD1372FBF0005'),('SOKVGCO12A6D4FA607','SOMRXWV1461E1A8A1A'),('SOKVGCO12A6D4FA607','SOVZHKO1360E3B78AF'),('SODSWKT13167715041','SOXZNFD1372FBF0005'),('SOVXEMO12A6D4F7F7D','SOXZNFD1372FBF0005'),('SOLHSOA13732367AB8','SOKNUBY1427BF79CFB'),('SOLHSOA13732367AB8','SOVZHKO1360E3B78AF'),('SOLHSOA13732367AB8','SORSTBJ13167715915'),('SOAKOYV1311AFE978C','SOXZNFD1372FBF0005'),('SOKHJDP13270BE4742','SOZAGAH12B0B80B4A8'),('SOKHJDP13270BE4742','SOIVHLV1315CD4C87F'),('SOMYTGK14B7C857E11','SOXZNFD1372FBF0005'),('SOMYTGK14B7C857E11','SOGNWJC12AF72A619F'),('SOZBPJA12A8AE48813','SORHTKX12A6D4F6E8F'),('SOZBPJA12A8AE48813','SOPLZDZ1417FEFDEA4'),('SOZBPJA12A8AE48813','SOVZHKO1360E3B78AF'),('SOZBPJA12A8AE48813','SOKKOKE1313439282D'),('SOBNZZI12A8C139954','SOXZNFD1372FBF0005'),('SOFNMGQ145B15173F4','SOEDPOU144CE3759CA'),('SOFNMGQ145B15173F4','SOVZHKO1360E3B78AF'),('SOYSYVI133EB8760C4','SOZQUTP14D7D681783'),('SOYSYVI133EB8760C4','SOZAGAH12B0B80B4A8'),('SOIQPYR143A1821C7A','SOXZNFD1372FBF0005'),('SOFCERL13724734344','SOXZNFD1372FBF0005'),('SOLLYJI137566C770D','SOOTTVV131343992EB'),('SOLLYJI137566C770D','SOZAGAH12B0B80B4A8'),('SOLWWDH12A8C133B6C','SOSNFFB1315CD4B0E3'),('SOLWWDH12A8C133B6C','SOVZHKO1360E3B78AF'),('SOLWWDH12A8C133B6C','SOXVPIE1366D887A22'),('SOHCZIP14709BCC39F','SONRLOP13712BFF90F'),('SOHCZIP14709BCC39F','SOVZHKO1360E3B78AF'),('SOUADGD146F8284B46','SOIUIQC135B94802D5'),('SOUADGD146F8284B46','SOORWXI13E0E4B694C'),('SOUADGD146F8284B46','SOVZHKO1360E3B78AF'),('SOUADGD146F8284B46','SOXVPIE1366D887A22'),('SOBJLAD12A8C133E12','SOXZNFD1372FBF0005'),('SOKMOUB14A45773477','SOIMJHZ1316771A857'),('SOKMOUB14A45773477','SODEHID149B6D58B46'),('SOKMOUB14A45773477','SOVZHKO1360E3B78AF'),('SOBVGAP1312A8A6219','SOJBWPR135C217BB18'),('SOBVGAP1312A8A6219','SOBVRRA136660DAAB4'),('SOBVGAP1312A8A6219','SOOKBPC12B0B808633'),('SOBTBPA13152A739D7','SOTYBFF13152A70D21'),('SOBTBPA13152A739D7','SOIAFSF1313438BD91'),('SOBTBPA13152A739D7','SOMJTFO13E9060D3D9'),('SOFGEYG1311AFECA1B','SODCMVP1453DAA1086'),('SOFGEYG1311AFECA1B','SODSYND136656B9FDB'),('SOFGEYG1311AFECA1B','SOHWVJP146FE4A4FDE'),('SOFGEYG1311AFECA1B','SOTIUCT1406AAE96D4'),('SOBVRRA136660DAAB4','SOSIDNN1462EC48F3A'),('SOCYGYK12A8C134987','SOAVUYU144BD04E9C7'),('SOCYGYK12A8C134987','SOBAQSX1360DDCE358'),('SOCQRIG1312FDFB9F2','SONBTXU1366F227DB3'),('SOTVWUS1312A8AC7F6','SOINIBK1315CD4FB6E'),('SOTVWUS1312A8AC7F6','SODRAAO14A4414A6A8'),('SOTVWUS1312A8AC7F6','SOXVPIE1366D887A22'),('SOTVWUS1312A8AC7F6','SOQOBBJ12A8C137638'),('SOZJTTN14602A3E5D3','SOZPAIQ12AC468C833'),('SOZJTTN14602A3E5D3','SOBCALX1374C3F4715'),('SOZJTTN14602A3E5D3','SORVSOE136B13B3D4C'),('SOZJTTN14602A3E5D3','SOHSLMY12A8C13DD12'),('SOAGLZT12A8C131780','SOLBZYZ144B1A19F9D'),('SOAGLZT12A8C131780','SOEQASC145448B3133'),('SOEMDLH1313438F6E2','SOEKDZK131677140C0'),('SOEMDLH1313438F6E2','SOAELSE1315CD46298'),('SOEMDLH1313438F6E2','SOZNVPC13A5BCAB634'),('SOMOPSV12A6D4F6BB9','SOEJILO13167710C12'),('SOMOPSV12A6D4F6BB9','SOINONR1375802B574'),('SOMOPSV12A6D4F6BB9','SOPYTJW12B3A1DB6C7'),('SOYIEWG13665B000C7','SOAAWNT1315CD4A598'),('SOBBLLQ12A58291CEB','SOGCWQQ12AC468AFA0'),('SOBBLLQ12A58291CEB','SOBGWVS12AB018CD7C'),('SOBBLLQ12A58291CEB','SOBAFEQ1376C838660'),('SOGTYFM12AB018016A','SOCZVKY144EE31353D'),('SOGTYFM12AB018016A','SOJTYFS1315CD4B98D'),('SOGTYFM12AB018016A','SOBCALX1374C3F4715'),('SOVERZI12AB0184299','SOGBXCB13741087159'),('SOCLWFB13E34FDE376','SOGPLGP14582A89AC8'),('SOCLWFB13E34FDE376','SOLECRZ12AF729F6FE'),('SOCLWFB13E34FDE376','SOQOXDB14FEEAA252E'),('SOWUOVQ14CE4A1713F','SOGPLGP14582A89AC8'),('SOATEXT13134399CF2','SOLECRZ12AF729F6FE'),('SODQAWX14EED848967','SOQOXDB14FEEAA252E'),('SOAEOFN12AB0181EC2','SOLECRZ12AF729F6FE'),('SOIXLBS13669F77479','SOLECRZ12AF729F6FE'),('SOMUMGY150FCBDB180','SOQOXDB14FEEAA252E'),('SOHJWJY13DC53C88E9','SOHGBRZ1315CD501D7'),('SOHJWJY13DC53C88E9','SOGPLGP14582A89AC8'),('SOVKGJZ14E893CC318','SOQOXDB14FEEAA252E'),('SOMPJEY12DA01F450C','SOQOXDB14FEEAA252E'),('SOYDCFM1313438D242','SOGPLGP14582A89AC8'),('SOCUWQV149D91DB8B8','SONNTQF13C7AC8A772'),('SOCUWQV149D91DB8B8','SOIAGTR1368C874C2E'),('SOCUWQV149D91DB8B8','SOLECRZ12AF729F6FE'),('SOCUDVV12A8C13F7CC','SOUGCKG1311AFDE8FE'),('SOJWBCZ13E8FCE6526','SOIEZNN1376D287EFF'),('SOJWBCZ13E8FCE6526','SOPIUSK1371917BCD3'),('SOJWBCZ13E8FCE6526','SOXVDCU14554CF87B3'),('SOJWBCZ13E8FCE6526','SOAGZPA1461B15E8BA'),('SONDITS146F9044167','SOKHTTF12B0B807BE3'),('SONDITS146F9044167','SOHTIYR13775556035'),('SOFVBQU12AF729EFF5','SOKBWYW12A6D4F74E4'),('SOTHKFT14FD6435367','SOMUPNQ13738DD670D'),('SOOKYZM12A8C132691','SOWFUAR135C446860A'),('SOWZKXY13FC42548FB','SOWFUAR135C446860A'),('SOQWFBM12DAA468B15','SOEKVIG144CB4BEBB4'),('SOQWFBM12DAA468B15','SOTYCDU1315CD41407'),('SOCFHLX12A6701D981','SOTYCDU1315CD41407'),('SOMCDHT12A6D4F9B8A','SOTYCDU1315CD41407'),('SOGCRGR13775570FE3','SOGMFIZ150FD761579'),('SOGCRGR13775570FE3','SOTYCDU1315CD41407'),('SOGCRGR13775570FE3','SONEPXP144BD8EE83E'),('SOGCRGR13775570FE3','SOBIPZI1315CD47482'),('SOHGQTK14035B6F855','SOGJYOJ14607001890'),('SOHGQTK14035B6F855','SOTYCDU1315CD41407'),('SODRVAG12A67020DD3','SOSOJNB143347AF967'),('SODRVAG12A67020DD3','SOKAUXF12A8C143FA6'),('SODRVAG12A67020DD3','SOTYCDU1315CD41407'),('SOKJMGL132C02DAF0D','SOTYCDU1315CD41407'),('SOTQWCE13AAD1212AF','SOTYCDU1315CD41407'),('SOTQWCE13AAD1212AF','SOCOKSM13662513705'),('SOTMCXV1311AFD968B','SOTYCDU1315CD41407'),('SOOKCZW130516E11EC','SOVEMDR144313C787E'),('SOOKCZW130516E11EC','SOOYKLT13C1C701BD7'),('SOOKCZW130516E11EC','SORMRGC13DBCF53838'),('SOEGAVG12AB0183B0E','SOFTEHB148A4A13836'),('SOEGAVG12AB0183B0E','SOPAUYE1315CD48F9E'),('SOEGAVG12AB0183B0E','SOMGEXS1311AFD9CC9'),('SOEGAVG12AB0183B0E','SOVWQQN144B2C237ED'),('SOAHCRY12A8C135523','SOFTEHB148A4A13836'),('SORTYVH12E96610A2E','SOFTEHB148A4A13836'),('SORTYVH12E96610A2E','SOPVMLA13E36B6B479'),('SOINTYN12A58A78DCA','SOFTEHB148A4A13836'),('SOZUGDL148759470DE','SOFNIMU13FA9E1DBCC'),('SOLHCWY14BAA32F0DA','SOLOQWD12A6D4FB37B'),('SOIQXNT13F45CD880E','SOQXNDP144BC529B82'),('SOIQXNT13F45CD880E','SOKBLRU1312FDFADE6'),('SOKBLRU1312FDFADE6','SOIQXNT13F45CD880E'),('SOKBLRU1312FDFADE6','SOEERIF12AB018573A'),('SOKBLRU1312FDFADE6','SOIISJY13730FF757C'),('SOALURL135C19B69D5','SOITHIY147884FC4F7'),('SOALURL135C19B69D5','SOVXBGG13C2023788D'),('SOALURL135C19B69D5','SOWREYD144F4F99DE6'),('SOALURL135C19B69D5','SODBRNG1313439B334'),('SOQXNDP144BC529B82','SOIQXNT13F45CD880E'),('SOQXNDP144BC529B82','SOCFVRA1312A8A7934'),('SOQXNDP144BC529B82','SODKIRQ1311AFD6EA3'),('SOKHIPW13E93A43639','SOLOQWD12A6D4FB37B'),('SOHIVVP148F11B0310','SOKLXQH15106D493E3'),('SOHIVVP148F11B0310','SOGKDVW131343990E7'),('SOHDKOZ14E079ED77C','SOQILKW131343A5094'),('SOHRWSA14F942ECB79','SOGBCSZ14016B1B24E'),('SOYPBGQ148B96293B9','SOZFJUJ144BE11731D'),('SOPXQMH150D28FE821','SOXVPIE1366D887A22'),('SOUSUUN146F5585A80','SOVXBGG13C2023788D'),('SOPMMQZ1311AFD63F9','SOGPJFY1311AFD51B5'),('SOPMMQZ1311AFD63F9','SOZNVPC13A5BCAB634'),('SOPMMQZ1311AFD63F9','SOVXBGG13C2023788D'),('SORBHAW13E99275BE6','SOATBNR137338E88ED'),('SORBHAW13E99275BE6','SOWREYD144F4F99DE6'),('SOUBQUD13673B2C8CE','SOVXBGG13C2023788D'),('SOWZXER12A6D4FBD8C','SOVXBGG13C2023788D'),('SOEBJZA13105FA4724','SOBZNDG143204A890E'),('SOEBJZA13105FA4724','SOWNPAG1312A8AA2D7'),('SOMAAJF1312FDFB068','SOIAUKM13775621C02'),('SOMAAJF1312FDFB068','SOEWGUM12C106D17C5'),('SOMAAJF1312FDFB068','SOSIQGZ1366F26320C'),('SOMAAJF1312FDFB068','SOWNPAG1312A8AA2D7'),('SOLNVXN14E894390A2','SOBZNDG143204A890E'),('SOOCAUH13E9081E663','SOBZNDG143204A890E'),('SOOCAUH13E9081E663','SOFWLTW136F10A9C51'),('SOOCAUH13E9081E663','SOBACHE1360E27E518'),('SOERSWZ13152A7588E','SOWNPAG1312A8AA2D7'),('SOIHDUS144BD0743C0','SOIUIQC135B94802D5'),('SOIHDUS144BD0743C0','SOADFVW13167714C48'),('SOIHDUS144BD0743C0','SOOAVMS137757EE0C8'),('SOIHDUS144BD0743C0','SOWNPAG1312A8AA2D7'),('SOIHDUS144BD0743C0','SOCFWHM145448AF256'),('SORMPIS12A67020909','SOBZNDG143204A890E'),('SORMPIS12A67020909','SOXLYVU137754FFAC1'),('SOJTYZS135C1B0AC36','SOBZNDG143204A890E'),('SOAQDWD13E905608D2','SOMQJOP1280ED4E369'),('SOAQDWD13E905608D2','SOBZNDG143204A890E'),('SOAQDWD13E905608D2','SOQDEQZ13736FF0BCF'),('SOEXPGQ1312A8A465E','SOBZNDG143204A890E'),('SOEXPGQ1312A8A465E','SOACQID1366C10867B'),('SOEXPGQ1312A8A465E','SOYNHLG146064C34C4'),('SOPMFNZ145B1014702','SOWNPAG1312A8AA2D7'),('SOJZNDP135C360B949','SOSTAOK14440A1A539'),('SOJZNDP135C360B949','SODKFDV12AF72A44E1'),('SOJZNDP135C360B949','SOOFWBN12AB0185686'),('SOJZNDP135C360B949','SONAVAR141802A357F'),('SONPQYL12AB0185F72','SOAUTPN1507A7640F7'),('SONPQYL12AB0185F72','SOACQID1366C10867B'),('SONPQYL12AB0185F72','SOWNPAG1312A8AA2D7'),('SODVOKA137395286C0','SOIAPJI1478B6EA9E8'),('SODVOKA137395286C0','SOBZNDG143204A890E'),('SOFAAPF145098E1299','SOBZNDG143204A890E'),('SOFAAPF145098E1299','SOXTMDV135C1F2D11A'),('SOCMWEG12AB0181871','SOZBZGQ1462D0A4643'),('SOCMWEG12AB0181871','SOWNPAG1312A8AA2D7'),('SOIFEBS1315CD4D13B','SOBZNDG143204A890E'),('SOIFEBS1315CD4D13B','SOCNFMP12A8C13A914'),('SOIFEBS1315CD4D13B','SODNERF13129A918A6'),('SOOULKF12B0B80BE46','SOBWZJI136766423DE'),('SOOULKF12B0B80BE46','SOAXJPH12B0B8063D9'),('SOOULKF12B0B80BE46','SOBZNDG143204A890E'),('SONUPQQ14035B6F3F4','SOWNPAG1312A8AA2D7'),('SONUPQQ14035B6F3F4','SOQZMLK1366C0F0F9C'),('SODKINC12C0DD03ACD','SOJRBUV1315CD4FCF4'),('SODKINC12C0DD03ACD','SORWMBA13740A0CB75'),('SODKINC12C0DD03ACD','SORBNEW12A8C1378F5'),('SODKINC12C0DD03ACD','SOWNPAG1312A8AA2D7'),('SODKINC12C0DD03ACD','SOHXCDE1312FDFC32B'),('SOJGTHL12B0B80C243','SOJBWNN13134390A7D'),('SOJGTHL12B0B80C243','SOSNFFB1315CD4B0E3'),('SOJGTHL12B0B80C243','SOTZZMQ12AB017F0DB'),('SOJGTHL12B0B80C243','SOWNPAG1312A8AA2D7'),('SOKAWBB13E9072E38B','SOGBXCB13741087159'),('SOKAWBB13E9072E38B','SOQJEAC12A8C140B9E'),('SOXNBKZ13E9082782E','SOIAUKM13775621C02'),('SOKEWTP12A58A7AC96','SOQAALQ144AE78FFDE'),('SOKEWTP12A58A7AC96','SOIUIQC135B94802D5'),('SOKEWTP12A58A7AC96','SOQFEEG131343A253B'),('SOZUWZW1312FDFF591','SOIAUKM13775621C02'),('SOAJYUD13A7D8F9E96','SOIAUKM13775621C02'),('SOFXXQN14035B7120A','SOHOODI133EB4D2398'),('SOFXXQN14035B7120A','SOIAUKM13775621C02'),('SOMOPSV12A6D4F6BB9','SOEJILO13167710C12'),('SOMOPSV12A6D4F6BB9','SOINONR1375802B574'),('SOMOPSV12A6D4F6BB9','SOPYTJW12B3A1DB6C7'),('SOTIUCT1406AAE96D4','SOHKOGQ14E89BBE0B0'),('SOTIUCT1406AAE96D4','SOIAUKM13775621C02'),('SOGSVJX144056BAAD4','SOIAUKM13775621C02'),('SOBSFVD131712D040B','SOCMYVB12AB01883E2'),('SOBSFVD131712D040B','SOIAUKM13775621C02'),('SOBSFVD131712D040B','SOQDLZF12A58A79F6E'),('SOBSFVD131712D040B','SODCBDC12AF72A3981'),('SOIYQLN13935BFF0D3','SOWQYLS134EE36C213'),('SORCVYY13A7D1E8590','SOHGEFP12A8C13243D'),('SOIJMYY14608CC7376','SOEDWHZ1312A8A552C'),('SOIJMYY14608CC7376','SOFSRZH1315CD477A3'),('SOIJMYY14608CC7376','SORVSOE136B13B3D4C'),('SOZAZJX12B0B80955B','SOBICTQ12A58A799F2'),('SOZAZJX12B0B80955B','SODBJGO1315CD4759D'),('SOZAZJX12B0B80955B','SODYQIR12A58A79BF5'),('SOJYQUM137376970A2','SOAJXSQ141235DEDFD'),('SOIURQG131343A4CCD','SOQJLRI144FD86E700'),('SOIURQG131343A4CCD','SOAUHBN144C227514E'),('SOIURQG131343A4CCD','SORJEPG146F9039A3B'),('SOSXMJM13EE8732FB0','SOVCRQK146049DF9C2'),('SOSXMJM13EE8732FB0','SONSMUI15069C7D269'),('SOSXMJM13EE8732FB0','SOICJWE14618A046CF'),('SOSXMJM13EE8732FB0','SOTOVEX136C406816B'),('SOHGXMG13134385F1B','SOJEFOH13A18D22DBA'),('SOAAWNT1315CD4A598','SOQQEFF14CF1E4FB92'),('SOAAWNT1315CD4A598','SOGFATL13E9071A910'),('SOAAWNT1315CD4A598','SONEPXP144BD8EE83E'),('SOHBVPN136CB2E45AB','SODEHID149B6D58B46'),('SOHBVPN136CB2E45AB','SOGMFIZ150FD761579'),('SOPJCPT12AF72A5CF8','SOHPYAP146F9081344'),('SOAICVN1372D683D6D','SOCBQVO14D800F42FF'),('SOAICVN1372D683D6D','SOAYMNZ131677155C7'),('SOAICVN1372D683D6D','SOGZLQT12A8C13E873'),('SOOKPSE13776BDE986','SOUSBMV135C2CC7677'),('SOUPQSF14C53FD5954','SOOMAHD136992A69B8'),('SOUPQSF14C53FD5954','SORVSOE136B13B3D4C'),('SOFWAXV12A8C13C801','SOCKSER1311AFD68D8'),('SOFWAXV12A8C13C801','SODCMTD144BA55B166'),('SOFWAXV12A8C13C801','SOOVMAA13ECE65664E'),('SOFWAXV12A8C13C801','SOHBLYB139E0937064'),('SOFKTTA12A6701DA1D','SOHIVEY14EE1A39E59'),('SOFKTTA12A6701DA1D','SORVSOE136B13B3D4C'),('SOFKTTA12A6701DA1D','SOBXVRL13763B28609'),('SOFKTTA12A6701DA1D','SOIRQNQ12AAF3B3BBF'),('SOUQBZD13731CE67E1','SOEDWHZ1312A8A552C'),('SOYTVQE135C2524E79','SOOSRXQ1311AFE1ACF'),('SOYTVQE135C2524E79','SODLGGJ1315CD49FBA'),('SOBHAVI1315CD4AC55','SOOSRXQ1311AFE1ACF'),('SOMLOYE144DF733C14','SOOSRXQ1311AFE1ACF'),('SOOOHXY1313439A286','SOOSRXQ1311AFE1ACF'),('SOEQUGW1393CF37DC8','SOOSRXQ1311AFE1ACF'),('SOIVNIS144912A2D1E','SOUAMHK13D0DE58328'),('SOIVNIS144912A2D1E','SOLFHFJ144D0FF4442'),('SOIAMTD12A6D4F723B','SOMRXWV1461E1A8A1A'),('SOIAMTD12A6D4F723B','SOLFHFJ144D0FF4442'),('SOIAMTD12A6D4F723B','SOWAEFF1460084CAA3'),('SOIAMTD12A6D4F723B','SOWNXZR13B450831B3'),('SOIAMTD12A6D4F723B','SOAZGIK1311AFD9712'),('SOJIBPL12A8AE47FC1','SOUAMHK13D0DE58328'),('SOKVMYA1312FDFCFD9','SOLFHFJ144D0FF4442'),('SOPSAUE13B0D9425FB','SOLFHFJ144D0FF4442'),('SOITPZA131343886F4','SOWAEFF1460084CAA3'),('SOAIVVY1315CD480E3','SOAZGIK1311AFD9712'),('SOAIVVY1315CD480E3','SOHETUT13729451D48'),('SOBQBLM12B3A1C56C6','SOWNXZR13B450831B3'),('SOBQBLM12B3A1C56C6','SOBKCAJ13773DFCE79'),('SOBQBLM12B3A1C56C6','SOINEZC13167715380'),('SOBQBLM12B3A1C56C6','SOXVPIE1366D887A22'),('SOBQBLM12B3A1C56C6','SOJTYFS1315CD4B98D'),('SOVXJXN1377AE54697','SODPZUC13167715648'),('SOVXJXN1377AE54697','SOOEJJH14995888593'),('SOVXJXN1377AE54697','SOXZAIK1315CD49391'),('SOVXJXN1377AE54697','SOWNXZR13B450831B3'),('SOVXJXN1377AE54697','SODKEEL12AB017D99E'),('SOFAYJP14F9F59B338','SOBAFEQ1376C838660'),('SOFAYJP14F9F59B338','SOWAEFF1460084CAA3'),('SOFAYJP14F9F59B338','SOAYTPZ13CBD4313EB'),('SOCHNQM13167710571','SOWNXZR13B450831B3'),('SOIOOKJ13772AD7AEC','SOUOWKD1379E46F57B'),('SOIOOKJ13772AD7AEC','SOEWGUM12C106D17C5'),('SOIOOKJ13772AD7AEC','SOIVRPH13C1A528C38'),('SOIOOKJ13772AD7AEC','SOROJPH13DA0A3FB0C'),('SOMRXWV1461E1A8A1A','SOMVOYZ12A6D4FB7DF'),('SOMRXWV1461E1A8A1A','SOEDPYX14AFADE4266'),('SOMRXWV1461E1A8A1A','SORRMXO1373962B8C4'),('SOMRXWV1461E1A8A1A','SOUMQCS13672038525'),('SOMRXWV1461E1A8A1A','SOKVGCO12A6D4FA607'),('SOHYHHQ1311AFEB165','SOWAEFF1460084CAA3'),('SOEZIXU12A6D4FB395','SOLMECU12AF729B9CD'),('SOEZIXU12A6D4FB395','SOWNXZR13B450831B3'),('SOQTQKX1376663608C','SOHJJTN146191CCD66'),('SOQTQKX1376663608C','SOWNXZR13B450831B3'),('SOQTQKX1376663608C','SOMXWXT131343996C3'),('SOQTQKX1376663608C','SOVRCXE144DFEE53BB'),('SOQTQKX1376663608C','SOPMCSP144C3D31DB9'),('SOORNTD12B3A1654D2','SOWNXZR13B450831B3'),('SOORNTD12B3A1654D2','SOSWOKG1403CA1CD18'),('SOORNTD12B3A1654D2','SOMVOYZ12A6D4FB7DF'),('SOPYIIY12A6310F244','SOAEGLX12A6D4F67AD'),('SOPYIIY12A6310F244','SOHUTTN1373EF5CD09'),('SOPYIIY12A6310F244','SOHEBPF1312FDFE852'),('SOHNILM13152A773E8','SOIFTCX13CF0D32561'),('SOHNILM13152A773E8','SOJYZBW12AB017EEA6'),('SOHNILM13152A773E8','SOADFVW13167714C48'),('SOHNILM13152A773E8','SOHUTTN1373EF5CD09'),('SODXLCR12AF72A3103','SOHTWGX12AF72A6A30'),('SODXLCR12AF72A3103','SOHUTTN1373EF5CD09'),('SOUQUYX14553B3D829','SOVFPHZ12A8C143AF0'),('SOUQUYX14553B3D829','SOHUTTN1373EF5CD09'),('SOUQUYX14553B3D829','SOSLPVD131343862D2'),('SOUQUYX14553B3D829','SOQLAGE12AB0187EC2'),('SOHNZRA12B0B808A15','SODTEKK1313439BC4F'),('SOHNZRA12B0B808A15','SOHUTTN1373EF5CD09'),('SOBKRSH1376CFAFC1C','SOHUTTN1373EF5CD09'),('SOAOHKM13152A75793','SOHTWGX12AF72A6A30'),('SOAOHKM13152A75793','SOHUTTN1373EF5CD09'),('SOCNYEC13152A7583F','SOSVZIX131343A0E27'),('SOCNYEC13152A7583F','SOHUTTN1373EF5CD09'),('SOCNYEC13152A7583F','SOLYQVS12AF729F9A4'),('SOUKYWL14C1B7C6CA8','SOHUTTN1373EF5CD09'),('SOUKYWL14C1B7C6CA8','SOAJZSL145B01EF87F'),('SOUKYWL14C1B7C6CA8','SOQWERS13A18D22F33'),('SORXODN13D0C609F0A','SOHETUT13729451D48'),('SONZKHG1373CEA6A4D','SOHETUT13729451D48'),('SOUGRMG13E8A210311','SOHETUT13729451D48'),('SOUGRMG13E8A210311','SOACQID1366C10867B'),('SOQKASP137412A883F','SOHETUT13729451D48'),('SOQKASP137412A883F','SORETGL144BEE454C6'),('SOUANGA12AB01849C5','SOHETUT13729451D48'),('SOMRYXA13C6A4EAF36','SOHETUT13729451D48'),('SOGKYPU1312A8A5463','SOOOPLZ13E995CA896'),('SOGKYPU1312A8A5463','SOHETUT13729451D48'),('SOCZHYB145E37273DD','SOHETUT13729451D48'),('SOIFGQJ1312A8ABA90','SOHETUT13729451D48'),('SOIFGQJ1312A8ABA90','SOFEJIW131712D0ED2'),('SOIFGQJ1312A8ABA90','SOHDQZJ13134389377'),('SOIFGQJ1312A8ABA90','SONQVNH12AF729EA56'),('SOPVCNA1446C68147C','SOFIAWX12AF72A0D5E'),('SOPVCNA1446C68147C','SOORAXF12AB018AC56'),('SONCQAD12AB0184059','SOPMCSP144C3D31DB9'),('SONCQAD12AB0184059','SOFIAWX12AF72A0D5E'),('SOCPNCE1313439FFED','SONCPLV1499114EC3F'),('SOCPNCE1313439FFED','SOHXZOH1313439D005'),('SOCPNCE1313439FFED','SONDMHE13EADD74C9C'),('SOSGBHU13D7EAAA954','SOEQEKD144E65C58C8'),('SOSGBHU13D7EAAA954','SOFIAWX12AF72A0D5E'),('SOBBJPH1377995C7C7','SONAVAR141802A357F'),('SOBBJPH1377995C7C7','SOYWUAP13576DDDBA4'),('SOBBJPH1377995C7C7','SOFIAWX12AF72A0D5E'),('SOFQJPO131677142DC','SONDMHE13EADD74C9C'),('SOFQJPO131677142DC','SOBRFGS1315CD3F526'),('SODGNVO13D762A67DC','SOFIAWX12AF72A0D5E'),('SOUAPXH13E9B7F294C','SOJDVSV13732D74C62'),('SOUAPXH13E9B7F294C','SONDMHE13EADD74C9C'),('SOUAPXH13E9B7F294C','SOHJKQL1316771541A'),('SOUAPXH13E9B7F294C','SOAEMKH135CCAB451D'),('SOBVDJN13167714C9B','SONDMHE13EADD74C9C'),('SOKQDAO131F71D5F09','SOHFCOR149878F2BC0'),('SOKQDAO131F71D5F09','SOFIAWX12AF72A0D5E'),('SOLWMMP1315CD46F71','SOSIDNN1462EC48F3A'),('SOLWMMP1315CD46F71','SOMGKOT1315CD48123'),('SOLWMMP1315CD46F71','SOFIAWX12AF72A0D5E'),('SOLWMMP1315CD46F71','SOACQID1366C10867B'),('SOPLWDU12AB018BC05','SOAYWVH14B339BD85B'),('SOPLWDU12AB018BC05','SOCUSMS1316771D373'),('SOUOJCM14680F7FC6F','SOKSPFD14D9E4A8FFD'),('SOUOJCM14680F7FC6F','SOOFWBN12AB0185686'),('SOLFDFT12A6D4F8B85','SOFIAWX12AF72A0D5E'),('SOLFDFT12A6D4F8B85','SOGAKSP13E910C7CA2'),('SOLFDFT12A6D4F8B85','SOTEVPM12A58A7BD05'),('SOVQYYZ14619B1B77A','SOXVPIE1366D887A22'),('SOFSRZH1315CD477A3','SOXVPIE1366D887A22'),('SOHYENY1315CD4986F','SOJTYFS1315CD4B98D'),('SOHYENY1315CD4986F','SOTYCDU1315CD41407'),('SOEUOMI131343841EE','SOQTJNX12AB0188579'),('SOEUOMI131343841EE','SOXVPIE1366D887A22'),('SOEUOMI131343841EE','SORHKEC1312FDFDEA8'),('SOGETWC13A7D37CBE2','SOINEZC13167715380'),('SOJBWPR135C217BB18','SOJTYFS1315CD4B98D'),('SONPMGZ14297107151','SOBKCAJ13773DFCE79'),('SOHVKAW14600B315ED','SOOPSEQ13B202B4D06'),('SOHVKAW14600B315ED','SOXVPIE1366D887A22'),('SOHVKAW14600B315ED','SOAKXCG12AB017DB11'),('SOCIKRU14415229C92','SOINEZC13167715380'),('SOUYXWT132C061D818','SOVQIOK137715F8AC5'),('SOUYXWT132C061D818','SOTYBFF13152A70D21'),('SOUYXWT132C061D818','SOINEZC13167715380'),('SOUYXWT132C061D818','SOUWRNA1469320411B'),('SOAGWFG135CBB7B962','SOBDCUT1312A8AAD1D'),('SOAGWFG135CBB7B962','SOGIBZR1312FE01A79'),('SOAGWFG135CBB7B962','SOXVPIE1366D887A22'),('SOYLFGC12A8C13A4DD','SOAYWZL144B20EEDAA'),('SOYLFGC12A8C13A4DD','SOINEZC13167715380'),('SOYLFGC12A8C13A4DD','SOBQRHM14618E302D7'),('SOYLFGC12A8C13A4DD','SONPBFE14601388610'),('SOKTIDD137769D2C74','SOBKCAJ13773DFCE79'),('SOKTIDD137769D2C74','SOEDWHZ1312A8A552C'),('SOKTIDD137769D2C74','SOHJJTN146191CCD66'),('SOKTIDD137769D2C74','SOUOWKD1379E46F57B'),('SOGGAHH131343919C0','SOBKCAJ13773DFCE79'),('SOSWKLP12A6701D9BA','SOJTYFS1315CD4B98D'),('SOSWKLP12A6701D9BA','SOSZNNC1312A8ABB25'),('SOSWKLP12A6701D9BA','SOGKNHK142B30F4963'),('SOSWKLP12A6701D9BA','SOJFPWR1311AFE684A'),('SOSWKLP12A6701D9BA','SODWCZT145E84D9B47'),('SOLTGVL13C45B73D3B','SOABQBA13A6183D030'),('SOLTGVL13C45B73D3B','SORETGL144BEE454C6'),('SOLTGVL13C45B73D3B','SOXVPIE1366D887A22'),('SOPUAMJ144E67F9F3C','SOBKCAJ13773DFCE79'),('SOATBEG146171A1315','SOXVPIE1366D887A22'),('SOATBEG146171A1315','SOAZQRL145FCAD38BF'),('SODATOF12AB01833FD','SOJTYFS1315CD4B98D'),('SOQFTVC13152A72C0E','SOEDPOU144CE3759CA'),('SOQFTVC13152A72C0E','SOJTYFS1315CD4B98D'),('SOFJUDM131343A2BF4','SOJTYFS1315CD4B98D'),('SOAQZXK12A6701D993','SOCKSER1311AFD68D8'),('SOAQZXK12A6701D993','SOXVPIE1366D887A22'),('SOAQZXK12A6701D993','SOMYBFR144D02FB4B2'),('SOBRFHU1315CD42930','SOJTYFS1315CD4B98D'),('SOUFTWW1315CD46A3E','SOXVPIE1366D887A22'),('SOULQQV1505ABFC236','SOJTYFS1315CD4B98D'),('SOULQQV1505ABFC236','SOADFVW13167714C48'),('SOTXCHP13767A2B5BA','SOXVPIE1366D887A22');
/*!40000 ALTER TABLE `sampled` ENABLE KEYS */;
UNLOCK TABLES;

--
-- Table structure for table `song`
--

DROP TABLE IF EXISTS `song`;
/*!40101 SET @saved_cs_client     = @@character_set_client */;
/*!40101 SET character_set_client = utf8 */;
CREATE TABLE `song` (
  `audio_md5` varchar(50) NOT NULL,
  `title` varchar(30) DEFAULT NULL,
  `artist_id` varchar(30) DEFAULT NULL,
  `tempo` float DEFAULT NULL,
  `s_key` varchar(10) DEFAULT NULL,
  `mode` varchar(10) DEFAULT NULL,
  `danceability` float DEFAULT NULL,
  `year` int(11) DEFAULT NULL,
  PRIMARY KEY (`audio_md5`)
) ENGINE=InnoDB DEFAULT CHARSET=latin1;
/*!40101 SET character_set_client = @saved_cs_client */;

--
-- Dumping data for table `song`
--

LOCK TABLES `song` WRITE;
/*!40000 ALTER TABLE `song` DISABLE KEYS */;
INSERT INTO `song` VALUES ('SOAAABF131712D0D88','Elements of Style','AR5YHDK1187FB4CFB6',95.638,'Bb','minor',0.8251,2001),('SOAABGJ14C0D60BF7C','Slowness','ARMJCUZ1187B99504A',95.864,'F#','minor',0.529424,NULL),('SOAAGOE1373F33B25E','Release','ARDNZL61187B98F42D',120.002,'C','major',0.880774,NULL),('SOAAWNT1315CD4A598','Unbelievable','ARSZ6MA1187FB43D29',182.993,'F#','minor',0.761346,2007),('SOABOVE131677199F3','Fresh Is the Word','ARONUSR1187B98DE3F',97.813,'G','major',0.891739,1985),('SOABQBA13A6183D030','Don\'t Disturb This Groove','ARMJ67Y1187FB3FD2E',78.841,'B','minor',0.556388,NULL),('SOACETY13167713CFC','Dancin\'','ARQUN9K1187B9B5BD7',108.39,'F#','minor',0.887867,NULL),('SOACHKY12A6D4FA5A5','New World Water','ARW15K31187B9AE845',100.19,'D','major',0.794317,1999),('SOACQID1366C10867B','Think (About It)','ARR3FTZ1187FB3C302',112.45,'A','major',0.770678,1998),('SOADFVW13167714C48','Buffalo Gals','ARO60NK1187FB49407',108.863,'E','minor',0.881214,NULL),('SOADQZW12A67021BE2','Dooinit','AR54RGR1187FB51D10',92.661,'F','minor',0.854501,2000),('SOAEGLX12A6D4F67AD','Song of Sophia','ARF8ZJW1187B98C949',127.337,'G','minor',0.233489,NULL),('SOAELSE1315CD46298','Sister Sanctified','ARFEZRN1187FB3E182',93.874,'F','major',0.612267,1988),('SOAEMKH135CCAB451D','My Summer Vacation','AROSI8L1187B9ACD43',204.133,'B','minor',0.613635,NULL),('SOAEOFN12AB0181EC2','Okay','ARQY01R1187FB3F57E',104.569,'Bb','minor',0.650623,NULL),('SOAGGDD1313439A1F1','Psycho Bitch II','ARGXIE31187FB55B48',162,'E','minor',0.645155,2008),('SOAGJCQ144DF6DB368','It\'s Summer','AR76ZQP1187FB56A79',88.398,'C','major',0.415582,NULL),('SOAGLZT12A8C131780','Fed Up Wit the Bullshit','ARW4XC11187B9B017F',177.098,'E','major',0.688971,NULL),('SOAGWFG135CBB7B962','Hypnotize','ARSZ6MA1187FB43D29',93.944,'A','major',0.894992,1997),('SOAGZPA1461B15E8BA','Bend Me, Shape Me','ARN0IWD1187FB47BD1',124.842,'G','major',0.600376,NULL),('SOAHCRY12A8C135523','Paper\'d Up','ARZ5H0P1187B98A1DD',98.022,'C#','major',0.859932,NULL),('SOAHIKW12B552706B4','Rencontre Avec Un Ballon','ARNSHBW12802FDDE8D',142.232,'C#','major',0.631602,NULL),('SOAICVN1372D683D6D','I Get Around','ARPXABO1187FB4D15F',192.433,'Bb','major',0.708873,NULL),('SOAINRY13610E0610D','Strugglin\'','ARPXABO1187FB4D15F',104.542,'G','major',0.854344,NULL),('SOAIVVY1315CD480E3','Purse Snatchaz','ARZH3SW1187B98C96E',90.893,'D','major',0.650927,NULL),('SOAJIDG1486D965865','Common Sense','ARLP6O31187FB4C75C',140.033,'C#','minor',0.639253,NULL),('SOAJXSQ141235DEDFD','Papa Don\'t Take No Mess','ARRDLVE1187FB48F11',103.495,'G','major',0.546984,NULL),('SOAJYUD13A7D8F9E96','Clique','ARRH63Y1187FB47783',109.297,'G','minor',0.542717,2012),('SOAJZSL145B01EF87F','Hollywood Babylon','ARNDQQ41187B9AE635',84.831,'B','major',0.436823,NULL),('SOAKOYV1311AFE978C','Dayz of 89\'','AR37QVQ1187FB4E011',85.987,'F#','minor',0.792247,1999),('SOAKUTH12A8C135B29','Come On, Come Over','ARI18NF1187B99FC57',109.516,'G','major',0.688306,1976),('SOAKXCG12AB017DB11','Let\'s Talk About Sex','ARUQ6301187FB54EBA',106.928,'F#','major',0.866632,1990),('SOALQZQ12AF729F02C','It\'s Me...(Remix)','ARQ6TTV1187B99379E',93.763,'D','major',0.636194,NULL),('SOALURL135C19B69D5','Make Her Say','ARD46C811C8A414F3F',99.053,'Bb','minor',0.930349,2009),('SOAMJGM132C02D9F16','Give It Up','ARMGAEW13294027D0D',88.565,'F','minor',0.745971,NULL),('SOAMNAV1312A8AE563','To the Other Man','ARHV6YT1187FB4C6BC',68.933,'C','minor',0.522603,NULL),('SOAMPAW146166D1AE0','The Worst Band in the World','ARUBDBK1187FB4D1B3',154.376,'B','minor',0.674653,1974),('SOANPOJ130516E0EA8','Hands in the Air','ARUALR01187FB37AF5',95.979,'D','major',0.806456,NULL),('SOAOHKM13152A75793','Gobstopper','AREVN1B1187B9944B2',175.067,'A','minor',0.366925,2006),('SOAOMGZ1372EFB640C','Fatty Boom Boom','ARXOXNS12086C11E2B',93.879,'G','major',0.636999,2012),('SOAOMRG13603559D22','Suckaz','ARJA5AT1187FB40C52',92.467,'C#','major',0.72528,NULL),('SOAONOY12B0B806737','Here to Go','ARYML1P1187B9AF39B',136.118,'A','major',0.74766,NULL),('SOAOTUD135C2D6C364','My Dad\'s Gone Crazy','ARTH9041187FB43E1F',175.971,'G','major',0.715662,2002),('SOAOUZW145FD8EA782','Trying to Make a Fool of Me','ARR6PDP1187B99B6CD',77.828,'E','major',0.583846,NULL),('SOAQDWD13E905608D2','Here We Go Again!','ARTDH2A1187B98FD50',106.336,'D','major',0.768625,NULL),('SOAQZXK12A6701D993','Hold It Now, Hit It','ARLHO5Z1187FB4C861',191.097,'F#','minor',0.644441,1986),('SOARINE133EB878E99','Gatman and Robbin','AR23C041187FB4D534',173.982,'E','minor',0.692539,2005),('SOARZZT13EA882F4AF','Dry Bones','ARWIVKA11F4C83C135',175.555,'D','major',0.688558,NULL),('SOATBEG146171A1315','We Like to Party!','AR5Z39P1187FB3EFDD',136.019,'Ab','major',0.784789,2010),('SOATBNR137338E88ED','Missing You','AR8L6W21187B9AD317',86.541,'E','minor',0.632509,NULL),('SOATEXT13134399CF2','A Million More','AR2EDEM1187FB573B1',91.12,'C#','major',0.804301,NULL),('SOAUHBN144C227514E','Halftime','ARZ3U2M1187B989ACB',91.951,'E','minor',0.783458,1994),('SOAUIDE145B1421326','What\'s Up Doc? (Can We Rock?)','ARLAEJO1187B98DB85',125.023,'A','minor',0.762662,NULL),('SOAUTPN1507A7640F7','Once in a Lifetime','ARROQSO1187B9AEB80',121.882,'G','major',0.637008,NULL),('SOAVUYU144BD04E9C7','Pump Me Up','ARQU75O1187B990F89',102.6,'C#','major',0.635718,NULL),('SOAWLDJ1392AE3808A','Think (About It)','ARR3FTZ1187FB3C302',112.003,'A','major',0.75695,NULL),('SOAXGPT13F7E11FF65','Gang Related','ARHBQIM13F7E0F70C3',95.002,'C#','major',0.83303,NULL),('SOAXGWW12AF72A32B3','The Planet','ARDSWIE1187FB39056',167.475,'E','minor',0.76044,1994),('SOAXJPH12B0B8063D9','Strawberry Letter 23','AR1S9ZF1187FB3CBB0',171.064,'A','minor',0.507989,1974),('SOAYAXJ1376791C8A2','Mr. Chin','ARZKNHT1187FB4F5FD',75.627,'D','major',0.863632,1982),('SOAYIMA1311AFDF914','Electric Chair','ARZQ7QA1187B9AD08B',202.461,'C','major',0.549445,NULL),('SOAYJSG13F62C85A2F','The Phantom\'s Theme','ARG0IZU1187FB5585D',128.023,'D','minor',0.730701,NULL),('SOAYMNZ131677155C7','Step in the Arena','ARDSWIE1187FB39056',95.758,'C','major',0.818512,1991),('SOAYTPZ13CBD4313EB','Oh My God','AR4WHYC1187B9896E7',94.651,'Ab','minor',0.846384,NULL),('SOAYWVH14B339BD85B','Summertime','ARRIN1R1187B9B78FF',112.872,'G','minor',0.689507,NULL),('SOAYWZL144B20EEDAA','Commotion','ARSAIUN1187FB398D3',127.501,'D','major',0.749293,1969),('SOAZGIK1311AFD9712','Love Is My Life','ARGY96L1187FB410ED',99.688,'G','minor',0.479269,NULL),('SOAZQRL145FCAD38BF','When the Going Gets Tough, the','ARBQFU91187B9A6D5B',121.996,'E','major',0.746981,1992),('SOBACHE1360E27E518','How Many Licks?','ARATKFG1187B99D260',105.604,'Bb','minor',0.691967,NULL),('SOBAFEQ1376C838660','Human Beat Box','ARACI901187FB49EC4',100.163,'C#','major',0.703004,NULL),('SOBAIYC12A67ADD06A','Get Out of My Life Woman','ARVDXKC13A23CD0D1C',78.274,'G','minor',0.727716,NULL),('SOBAQSX1360DDCE358','Super Bad','ARRDLVE1187FB48F11',73.723,'C','minor',0.660628,NULL),('SOBAWDZ144BEDFAB53','Everybody Loves the Sunshine','AR6TOUC1187FB53C7E',80.407,'B','minor',0.590412,1976),('SOBBJPH1377995C7C7','Double Trouble','AR8RXRI1187FB4104B',96.359,'G','major',0.752073,2005),('SOBBLLQ12A58291CEB','The Way of Rhyme','AR3Z9WY1187FB4CDC2',102.882,'E','minor',0.667055,NULL),('SOBCALX1374C3F4715','I Like It','ARR4UCF1187B9A9A5C',87.244,'F','major',0.827649,NULL),('SOBCVCU12AB01827A3','Superpeople','ARJ78QS1187B998002',189.648,'Bb','minor',0.650715,NULL),('SOBDCUT1312A8AAD1D','Rise','ARQ8F831187FB5154B',99.301,'Bb','major',0.774711,1979),('SOBDDFR1313439A587','Right Here','ARTFZOY1187FB4656A',94.002,'A','minor',0.612746,2007),('SOBEDLU13134386598','Let Me See It','ARRTHFN11F4C83D56B',155.957,'B','minor',0.81081,NULL),('SOBEOOY14046C81001','Walk Like a Duck','ARWFREB1187B98B09D',89.778,'Bb','minor',0.861879,NULL),('SOBEQGM12AB018418B','Love Will Find a Way','ARIK43K1187B9AE54C',101.277,'Ab','minor',0.887711,NULL),('SOBEUGG131343881D2','Wrath of My Madness','ARELPXQ1187FB384FD',182.493,'C#','major',0.694077,NULL),('SOBGTDS1371640A701','Good Groove','ARSB6YK1187B99A56F',97.078,'G','major',0.84824,NULL),('SOBGWVS12AB018CD7C','Uphill Peace of Mind','ARQ6OS81187B998B73',94.217,'G','major',0.703928,NULL),('SOBHAVI1315CD4AC55','Evil Woman','ARU2PH01187B9AC73D',130.007,'D','major',0.721701,NULL),('SOBHKDN137566C7672','The Certificate','ARC5BL01187FB3DF69',98.013,'Bb','minor',0.82688,2003),('SOBHYLM144BF14B81B','There It Go (The Whistle Song)','ARZXTEY1187B9997A7',99.893,'C#','minor',0.651433,NULL),('SOBHZDS13129A91502','Dry Bones','AR0V1NK1187FB579C5',113.558,'D','major',0.909051,NULL),('SOBICTQ12A58A799F2','Get Out of My Life Woman','AR65Y8H1187FB38CFD',189.926,'G','major',0.502678,1968),('SOBIPZI1315CD47482','It\'s Like That (My Big Brother','ARXWAQQ1187B9AE954',183.462,'C#','major',0.609037,1996),('SOBJLAD12A8C133E12','Visions','AR4OH581187B9B7157',78.013,'F','minor',0.667088,NULL),('SOBKCAJ13773DFCE79','Ummh','ARU9Q5Q1187FB3D6EB',124.03,'F','minor',0.511786,NULL),('SOBKIEC139E0A857BF','Crush on You (Knife Party Remi','ARPLHIR1187FB5C1AE',87.008,'C#','major',0.50655,NULL),('SOBKRSH1376CFAFC1C','Telephone','AR24DZB1187FB3C869',154.08,'F','minor',0.400267,2008),('SOBLONK13775B58A3E','Get on the Good Foot','ARRDLVE1187FB48F11',107.602,'B','minor',0.917455,NULL),('SOBMMYA136A3FA26BA','I Can\'t Stand It!','ARQVZ7F1187FB57CC9',122.984,'Ab','major',0.697963,NULL),('SOBMOOV131343A1A83','Let\'s Get Small','ARQU75O1187B990F89',207.563,'F','major',0.556104,NULL),('SOBMQOL12A8C133BED','Murderer','AR1SUNB1187FB41BC8',142.741,'F','minor',0.872755,NULL),('SOBMYEL12A8C13AEE4','Rock the Bells','ARNHMFD1187FB3B3F6',101.154,'C#','minor',0.820968,NULL),('SOBNPNX14F9705E052','Scorcher','ARTIPEJ13C1C292C4A',179.032,'A','minor',0.66131,NULL),('SOBNPYT137191B92EC','Drop the Bomb','ARQU75O1187B990F89',105.599,'Bb','major',0.718734,NULL),('SOBNTPS13EB62D654F','Halftime','ARZ3U2M1187B989ACB',95.56,'A','minor',0.69817,NULL),('SOBNZZI12A8C139954','Trife Life','AREV2491187B9B017E',89.02,'Ab','major',0.722055,NULL),('SOBPKPW12A6701E8F9','\'Till I Collapse','ARTH9041187FB43E1F',171.297,'C#','major',0.572281,2002),('SOBPTEY12A6D4F8619','High on Sunshine','AR2665Z1187FB56AB9',95.371,'C#','minor',0.415826,2005),('SOBQBLM12B3A1C56C6','Deez Nutz','AREWELW11F50C4A869',95.998,'Bb','minor',0.916004,NULL),('SOBQQLP12AB01834AF','Supercalifragilisticexpialidoc','ARQLWL91187FB3A3C0',159.854,'F','major',0.500053,1991),('SOBQRHM14618E302D7','Rock Creek Park','ARX4G5N1187FB5BDC3',111.024,'D','major',0.757091,NULL),('SOBQTCB1488DB89153','Land of 1000 Dances','ARW2AMZ1187FB381AC',99.098,'G','major',0.611024,NULL),('SOBRCHG151B68A726E','Kernkraft 400','ARTO1SU1187FB55BD2',139.779,'B','major',0.799824,NULL),('SOBRFGS1315CD3F526','The Autobiography','ARVGUIF1187FB3DFF2',103.261,'Bb','minor',0.786392,1998),('SOBRFHU1315CD42930','The Watch','ARZQYSZ1187FB3AC39',87.409,'C','major',0.580977,NULL),('SOBRQNO1316771672F','Phreaking Elektronics','AR1M0DJ1187B9928A6',160.862,'Bb','minor',0.530668,NULL),('SOBRWKJ13E682709FD','Ali','ARQ80SJ1187B9ACE44',102.912,'G','minor',0.468405,NULL),('SOBSFVD131712D040B','Gotta Get Mine','ARAZBAQ1187B9AB92B',92.466,'G','major',0.85475,1993),('SOBSOWK12A58A77679','Got Me Going','ARFXIPJ12509403369',104.345,'Eb','minor',0.84242,2007),('SOBTBPA13152A739D7','Scarface','ARFX60Y1187B9A1495',94.659,'G','major',0.921964,1989),('SOBUNCF134D7CF0DBE','Check This Out','AR37VCJ1187FB584C5',118.461,'Bb','minor',0.888951,NULL),('SOBUROU144D22B7641','Summertime','ARRIN1R1187B9B78FF',113.311,'G','minor',0.664949,NULL),('SOBVDJN13167714C9B','Don\'t Get Outta Pocket','AR1PL481187B9B3786',94.05,'C#','major',0.88342,NULL),('SOBVGAP1312A8A6219','Bomb First (My Second Reply)','ARX40461187B9ACE24',94.132,'C#','major',0.709949,NULL),('SOBVHLR13778C1F35F','Human Nature','ARXPPEY1187FB51DF4',93.155,'D','major',0.626119,1982),('SOBVRRA136660DAAB4','Uptown Anthem','AR1ZYLH1187B98C159',103.448,'C#','minor',0.877378,1991),('SOBVYHS14373B6B361','Runaway','ARRH63Y1187FB47783',86.944,'C#','minor',0.718436,NULL),('SOBWZJI136766423DE','Love Ballad','AR5U4YG1187FB4A059',77.614,'F#','minor',0.574783,NULL),('SOBXMKX12C106D17B3','Mo Money Mo Problems','ARSZ6MA1187FB43D29',104.439,'F#','minor',0.848942,2006),('SOBXVLI1376CD42A4C','Jeep Ass Niguh','ARCMYSA1187FB4A8E8',98.059,'Ab','minor',0.669351,1993),('SOBXVRL13763B28609','After Laughter (Comes Tears)','ARBI7D01187B9AA00B',186.462,'C#','minor',0.423214,NULL),('SOBYPPN142EEDB8D1A','Batman Theme','ARE88TD1187FB4475B',151.963,'G','major',0.60016,NULL),('SOBYVOM144B2E9ED88','Close to Me','ARWA6NT1187FB3F15C',184.94,'B','major',0.672049,2004),('SOBZNDG143204A890E','Bring the Noise','ARPANXO1187B9B468A',110.556,'F','major',0.675136,NULL),('SOCADFJ13935C01268','Sunshine','AR1Q25M1187B9B0D73',91.112,'B','major',0.764666,NULL),('SOCAJBB14EBA17BF6F','Motion Picture','ARVO3AB1187B9ADCB6',156.164,'E','minor',0.639568,NULL),('SOCBQVO14D800F42FF','Computer Love','AR4GJ3V1187FB4245B',84.295,'C','major',0.727577,NULL),('SOCBRLP1315CD457DE','The Saga Begins','AR8B1WY1187FB38366',90.053,'C#','major',0.760125,1997),('SOCBZME13134388138','Body Movin\'','AREVN1B1187B9944B2',87.655,'C#','major',0.362509,2006),('SOCCOPP12AB017E715','The Big Clapper','AR6F3811187B9B20FB',79.57,'G','major',0.338718,NULL),('SOCCYRZ1460C342701','Doin\' Time','ARW8F4B1187FB45EB4',81.022,'G','major',0.711117,1996),('SOCCZTY14E8943CB00','Randy the Musical','ARITVFG1269FB34AF1',152.098,'D','major',0.385829,NULL),('SOCEVCJ137704EFB96','SlaughtaHouse','ARCMYSA1187FB4A8E8',88.094,'B','major',0.734915,2008),('SOCFDQG12AC4687CEC','It\'s Your Thing','AR7XILV1187FB4416D',86.545,'C','minor',0.714214,1969),('SOCFHLX12A6701D981','Pistol Pistol','AREJ4S91187B9AD10C',82.931,'B','minor',0.618243,NULL),('SOCFVRA1312A8A7934','Celebrate','AR19QNR1187B9A13C5',178.439,'Ab','major',0.563736,NULL),('SOCFWHM145448AF256','The Symphony','AR2GIJS1187FB3FAC6',94.689,'E','minor',0.866266,2003),('SOCHNQM13167710571','Do What It Do','ARSQSCB1187B9912A0',126.595,'G','major',0.874343,NULL),('SOCHYGD146B24E3DFB','Return of the Mack','ARWROYX1187B9A14A7',97.122,'D','major',0.724891,NULL),('SOCIKRU14415229C92','Dominos','AROI9H41187B99BD8C',100.881,'C#','major',0.890526,NULL),('SOCIUMN13579E7CB08','Looking Out My Window','ARFHP8I1187B9B303F',106.884,'B','minor',0.700545,1999),('SOCJRAE141B6A3CCC0','Snakes on the Moon','ARFEOU611A348F0AB6',135.048,'Bb','major',0.555669,2013),('SOCKEHT1311AFDAF8D','Escape (I Need a Break)','ARII41Q1187FB47B2C',113.951,'G','major',0.841244,2006),('SOCKGCF144F1D7CC98','Storm','AR0GBPP1187B9AF4A1',108.515,'G','major',0.765661,2007),('SOCKRBU1412339D5D4','Love Sensation','AR2CZWK1187FB3E23A',115.932,'F','major',0.720833,NULL),('SOCKSER1311AFD68D8','Take Me to the Mardi Gras','AR7FZ7W1187B9A5D13',106.449,'Bb','major',0.482677,1975),('SOCKZHU13665A61A7B','My Way (P. Diddy Remix)','AR5H4CJ1187B9AE949',97.5,'C#','major',0.592239,NULL),('SOCLWFB13E34FDE376','Numbers on the Boards','ARR09ZZ1187FB4A10A',88.161,'C','minor',0.777551,2013),('SOCMWEG12AB0181871','The Promo','ARWKPUC1187FB511DD',99.085,'B','major',0.922115,1988),('SOCMYVB12AB01883E2','Zimba Ku','AR20HEB1187B99BFEF',90.392,'Bb','major',0.656986,NULL),('SOCNFMP12A8C13A914','Hip Hop','AR2EDEM1187FB573B1',100,'C#','major',0.735424,NULL),('SOCNYEC13152A7583F','Waves','AREVN1B1187B9944B2',89.927,'Bb','minor',0.542964,NULL),('SOCOGMM1376CF2A7C4','Blow Your Head','ARF4OQL1187FB3716B',121.14,'A','minor',0.733694,NULL),('SOCOKSM13662513705','Be Thankful for What You Got','AROVHQT1187B9B86F9',93.231,'B','minor',0.755992,NULL),('SOCPNCE1313439FFED','Scottie 15','AR5NYXT1187B995B73',90.087,'B','minor',0.834837,NULL),('SOCQPPA131C39A7F7C','Tammy\'s Song (Her Evils)','AREJQVO12C1DF51FFE',96.961,'A','minor',0.431739,NULL),('SOCQRIG1312FDFB9F2','Game Type','ARJJVTF1187B989C9C',97.13,'F#','minor',0.86457,NULL),('SOCRUEW12AF729F8B5','I\'m N Motion','ARAVWPR1187FB4736D',172.166,'C','major',0.621172,NULL),('SOCRUHZ149E93029B2','Shooter','ARCSIKS1477E05F22F',94.055,'F#','minor',0.558138,NULL),('SOCSCTI14258231A75','No New Friends (SFTB Remix)','ARPVZTA1187B9A63A8',125.008,'D','major',0.488811,NULL),('SOCSIRV12AF72A1F66','One Eleven','AREVN1B1187B9944B2',175.531,'C#','major',0.394094,NULL),('SOCSMSW12A8C140A9B','ABC','ARZQYSZ1187FB3AC39',95.642,'C#','major',0.729488,NULL),('SOCSVNI14035B4269B','Silver Soul','ARWCIEL1187FB42EF5',134.143,'D','major',0.46993,NULL),('SOCTBLJ144DCE103E3','Hope That We Can Be Together S','ARFEZRN1187FB3E182',135.345,'F','major',0.485481,NULL),('SOCTCCQ150D3980B37','O.P.P.','AR1ZYLH1187B98C159',96.007,'E','minor',0.841934,NULL),('SOCTPGB13723117844','Quest','ARDUMAE1187FB422AC',164.094,'A','minor',0.707449,1996),('SOCTRBF145B47F448F','Take It Off','ARRTHFN11F4C83D56B',162.148,'C#','major',0.861923,NULL),('SOCUDVV12A8C13F7CC','Heidi Hoe','AR54RGR1187FB51D10',88.418,'C#','major',0.588691,1992),('SOCUDZJ144EE11659F','Thuggin','AROZHXK12592CDAC92',91.546,'B','minor',0.426765,NULL),('SOCULJA13779B37D09','Eeny Meeny Miney Mo','AR5X0IZ1187B99203D',124.406,'C','major',0.829536,NULL),('SOCUSMS1316771D373','Handclapping Song','ARLUQWX12472CE2B9F',93.63,'E','minor',0.771315,NULL),('SOCUWQV149D91DB8B8','A Tale of 2 Citiez','ARFIDHF12496DAB7E1',94.981,'B','major',0.792483,NULL),('SOCVINH12AB0181C47','Just Playing (Dreams)','ARSZ6MA1187FB43D29',177.784,'F#','minor',0.768662,NULL),('SOCVLNR1417B8C75F5','Train Sequence','ARZATGX1269FB383B3',75.378,'Ab','major',0.411828,NULL),('SOCVPGY12AB017E0DB','Introduction to Star Time!','ARRDLVE1187FB48F11',83.16,'C','major',0.732441,NULL),('SOCXJLP12A6D4FA5C5','Mathematics','ARW15K31187B9AE845',93.79,'C#','minor',0.752764,1999),('SOCXSVE13A7D373EBF','Heavy Mood','ARME7101187FB3ECDD',86.695,'C#','major',0.628745,NULL),('SOCYGYK12A8C134987','Pump Up the Volume','ARQJXPL1187B9B4D6B',113.017,'G','major',0.714189,2009),('SOCYNGT12A6D4F8207','Tomorrow','AREVWQO11E2835D3DC',80.05,'F','major',0.591551,1976),('SOCZHYB145E37273DD','Gotta Get Paid','AR8VVK71187B98E6F8',162.377,'Bb','minor',0.60572,2011),('SOCZVKY144EE31353D','Float On','ARM6LGN1187B9949DB',95.847,'G','major',0.538611,NULL),('SODATOF12AB01833FD','Suga Suga','ARNXNH81187FB52EB5',81.731,'Ab','major',0.708664,NULL),('SODAUKI1312FE01F98','Never Front (Ears Up)','AR17D2T1187FB4DBC2',91.909,'G','major',0.616283,2008),('SODBFUO12AB018202B','Nu Pholk Sound','ARSGOVZ128FFBADD13',111.349,'C#','major',0.765695,1997),('SODBGAA13152A774DC','One for the Trouble','ARP6LVF1187B99F943',95.474,'Bb','minor',0.680133,NULL),('SODBJGO1315CD4759D','Colour Me Funky','ARJ56D11187B9B3846',89.096,'C#','minor',0.724726,NULL),('SODBRNG1313439B334','Let\'s Ride','ARU9RQG1187FB4C74F',95.125,'F','major',0.801479,1999),('SODCBDC12AF72A3981','What You Won\'t Do for Love','AR5CCZY1187B9ABD2D',84.1,'F#','major',0.640107,2012),('SODCMTD144BA55B166','We Will Rock You','ARL4TII1187B9B46E1',81.443,'B','minor',0.695308,1977),('SODCMVP1453DAA1086','Vibrations','ARS3Y3O1187B989A23',71.969,'F','major',0.354741,NULL),('SODEHID149B6D58B46','All Night Long','ARIZGZE1187B9B1451',98.232,'C','minor',0.684811,NULL),('SODGNVO13D762A67DC','World Premier','ARD3STO1187FB3E36A',93.173,'D','major',0.420003,NULL),('SODHBUN12B3A1B3232','Self Destruction','AR4RMT7119B866876D',105.073,'Bb','minor',0.882296,NULL),('SODHSJJ14B86FDE9E4','Peter Gunn Theme','ARZWPWP1241B9CA793',121.368,'Bb','minor',0.504422,NULL),('SODHUPZ12DA01F2605','Downtown','ARTFZOY1187FB4656A',82.898,'F#','major',0.667724,NULL),('SODKDDM1478C0C2B46','Shut \'Em Down','ARPANXO1187B9B468A',180.411,'B','minor',0.69403,1991),('SODKEEL12AB017D99E','Mic Check','ARAKKJF1187B994FB7',170.165,'D','major',0.808002,1993),('SODKFDV12AF72A44E1','Lord of the Golden Baboon','ARRCSUW1187B98EFB0',128.996,'G','major',0.556087,NULL),('SODKINC12C0DD03ACD','Buddy (Native Tongue Decision)','AR1Q25M1187B9B0D73',100.239,'B','major',0.898259,NULL),('SODKIRQ1311AFD6EA3','Strange Fruit','AR28GYS1187FB53092',85.88,'E','minor',0.637335,NULL),('SODLGGJ1315CD49FBA','Return to Pooh Corner','AR83G9J1187FB3C094',97.412,'A','major',0.396829,1997),('SODMVNH13167716DCA','A Night in Tunisia','ARGAJER1187B9921AA',95.051,'G','minor',0.508732,1963),('SODMZFD12AB0189A84','Break Dance - Electric Boogie','ARXAPD51187FB4F723',112.72,'F#','minor',0.852749,2002),('SODNERF13129A918A6','Nas Is Like','ARZ3U2M1187B989ACB',188.99,'F#','minor',0.53462,1999),('SODNTJE1313439FD97','Thoda Resham Lagta Hai','ARBVKHX1187FB42704',91.523,'Eb','minor',0.511234,NULL),('SODOCWW1373367E1A5','Too Hot','ARCFOMR13A71F39C2D',92.485,'F#','minor',0.639188,NULL),('SODPJEU12A6D4F9FE7','Ol\' Time Killin\'','AR58ZXX1187FB572F2',93.456,'F#','minor',0.803681,NULL),('SODPZUC13167715648','9th Wonder (Blackitolism)','ARTOXOB1187B9B78C1',190.208,'D','major',0.714596,NULL),('SODQAWX14EED848967','Get Up Off Me','ARV6Z5I1187B9A22A8',139.592,'Ab','major',0.77034,NULL),('SODRAAO14A4414A6A8','The Boss','ARRDLVE1187FB48F11',97.566,'C#','major',0.687972,NULL),('SODRKZF1313438BB1C','I Don\'t Like to Dream About Ge','ARGLETV1187FB527A1',96.742,'C#','major',0.785796,NULL),('SODRVAG12A67020DD3','The Ruler\'s Back','ARLGIX31187B9AE9A0',92.163,'D','major',0.510325,2001),('SODRZQX1313438C229','Hector','ARMGZN11187B9AE9F9',103.483,'C','major',0.515349,1968),('SODSWKT13167715041','Fuck Them Hoes','AR7H9EH1187B990F91',148.39,'F','minor',0.664797,NULL),('SODSYND136656B9FDB','It\'s a New Day','AR1M25O1187FB4EFC6',94.769,'C','major',0.752378,NULL),('SODTEKK1313439BC4F','Lightworks','ARPFXNI1187B9A4C9D',78.374,'G','major',0.517803,NULL),('SODTTIS1312FDFF357','Winged Mammal Theme','ARR6LWJ1187FB44C8B',141.153,'A','major',0.494394,NULL),('SODVHXM144F4C7E58E','Home Is Where the Hatred Is','AREPYZO1187B9B9C2D',98.466,'Bb','major',0.711088,2012),('SODVOKA137395286C0','Guess Who\'s Back','AR8B1WY1187FB38366',93.772,'F#','minor',0.737536,NULL),('SODWCZT145E84D9B47','Nothing From Nothing','ARHYUI71187FB48366',98.208,'F#','minor',0.714836,NULL),('SODWEIJ131343A1B3F','Pussy Ain\'t Shit','ARHSGAW1187B9898C7',93.608,'C#','major',0.861761,NULL),('SODXLCR12AF72A3103','One for Ghost','AREVN1B1187B9944B2',84.976,'D','major',0.586843,NULL),('SODYFKR13D66091EAE','Blue Jeans','ARICLSK131AAE25F5E',118.018,'F','minor',0.723955,NULL),('SODYQIR12A58A79BF5','I Gotta Say What Up!!!','AROSI8L1187B9ACD43',88.509,'F','minor',0.82725,1990),('SODZQFU1311AFD6874','Voodoo','ARTGG3C1187B98EC7D',96.459,'B','major',0.881227,NULL),('SOEAGQV1315CD4C4FB','I Like It','ARR4UCF1187B9A9A5C',174.625,'A','major',0.679515,1982),('SOEBJZA13105FA4724','Everything I Am','ARRH63Y1187FB47783',80.493,'Ab','major',0.600968,2007),('SOECXSG12AB018188C','Because I Got It Like That','ARWKPUC1187FB511DD',208.433,'A','major',0.6715,NULL),('SOECZFG1311AFD9D8D','A.V.E.R.A.G.E.','ARLG57I1187B98E893',90.822,'Bb','minor',0.806525,NULL),('SOEDJBA141E8CED686','I Wish You Were Here','ARNNRN31187B9AE7B7',141.259,'D','minor',0.493999,NULL),('SOEDPOU144CE3759CA','Stay With Me','ARR4UCF1187B9A9A5C',89.632,'F','major',0.594589,1983),('SOEDPYX14AFADE4266','Me Against the World','ARPXABO1187FB4D15F',92.173,'C#','minor',0.790134,NULL),('SOEDWHZ1312A8A552C','Funky Worm','ARMJXRP1187FB461A0',85.732,'F','major',0.616682,NULL),('SOEERIF12AB018573A','Mars vs. Venus','ARPDVPJ1187B9ADBE9',97.551,'A','major',0.337861,2010),('SOEGAVG12AB0183B0E','Hit \'Em Up','ARPXABO1187FB4D15F',95.222,'G','major',0.897478,1996),('SOEGVWV12A8C13F0FE','Never Gonna Get It','AR3QZ7W1187FB3CC26',83.003,'Bb','minor',0.765768,NULL),('SOEHQZP143F1CE9930','Flick of the Switch','ARWR05M1187B9951A2',136.791,'G','major',0.315261,NULL),('SOEIOKJ13CF641B706','St Pauls','ARMNQLP119B34039E4',173.998,'B','minor',0.640796,2012),('SOEITRE149AC8E0B10','Post to Be','AR7GVU91187B99F7E2',97.448,'Bb','minor',0.733264,NULL),('SOEIUFJ1315CD488FA','Lesson 6 (The Lecture)','AREGC1Z1187B995A90',114.874,'C#','major',0.902744,1998),('SOEJILO13167710C12','Call Me D-Nice','ARD8P5W1187FB3A92B',97.791,'Ab','minor',0.854572,NULL),('SOEJQLG12B0B80C245','Do It (\'Til You\'re Satisfied)','ARIQMDE11F43A69FB2',209.282,'F#','major',0.518675,NULL),('SOEKDZK131677140C0','Jasper Country Man','ARZF5231187B9AEF2B',98.584,'C#','major',0.743171,NULL),('SOEKVIG144CB4BEBB4','Everyday Struggle','ARSZ6MA1187FB43D29',96.139,'C#','minor',0.911536,2003),('SOELPII1315CD4B467','Vapors','AR72OEM1187FB43E2A',93.448,'C#','major',0.853627,1988),('SOELYON12AB01876A3','B-Boy Bouillabaisse','ARLHO5Z1187FB4C861',77.184,'C#','major',0.537905,NULL),('SOEMDLH1313438F6E2','New Jack Hustler','ARGGK7W1187B99053B',109.063,'G','major',0.840097,NULL),('SOEMVDH1315CD4A28A','You\'ve Got Maelstrom','ARARH0C1187B99E149',90.012,'B','major',0.676787,2004),('SOEMXCX1412E99541C','Pound Cake/Paris Morton Music ','ARODZUF11F4C841E1F',93.775,'D','major',0.538473,2013),('SOENKXI1366FB8F6E2','Eraserheads','ARAHYLW130708ED6DE',173.993,'F','minor',0.668204,NULL),('SOEOLWV14614141716','She Ain\'t You','ARXOTQH1187FB57084',91.026,'D','major',0.624006,NULL),('SOEPDWA1315CD4B7AC','Down by Law','AR6OCQF1187B9A1E3F',106.851,'E','minor',0.832087,NULL),('SOEPVXC1374097382B','Epic','ARMOHN71187FB3959F',174.489,'E','minor',0.4009,2007),('SOEQASC145448B3133','Ain\'t No Half-Steppin\'','ARHIC3Q1187B9B1773',100.846,'Bb','minor',0.837106,1988),('SOEQBZN1315CD4806F','Slow and Low','ARLHO5Z1187FB4C861',84.285,'E','minor',0.820878,1986),('SOEQEKD144E65C58C8','Walking Into Sunshine','ARDIN2H1187B994856',112,'C','major',0.895694,NULL),('SOEQUGW1393CF37DC8','Evil Woman','ARQJDNC126A031DEF9',120.159,'A','minor',0.686335,NULL),('SOERCSB133A920D960','Believe Me','AR64SX81187B99DCD9',140.987,'C#','major',0.691681,NULL),('SOERSWZ13152A7588E','Survival Test','ARP35L21187B9A83AA',97.368,'A','minor',0.617691,NULL),('SOESQLB142B3275688','Megamix','ARHKKNL142C35F9F42',106.508,'C#','major',0.699336,NULL),('SOETMYZ13C1C3E30E4','The $','AR67F4O1187FB5C6FE',128.02,'D','major',0.800551,NULL),('SOEUGHG1366E79AF9F','Freestyler','AROKWE01187FB3D3AC',163.854,'B','minor',0.824493,2000),('SOEUIZS14744BE775B','Bam Bam','ARUKOXH1187FB41701',165.713,'C','major',0.64713,NULL),('SOEUOMI131343841EE','Auditorium','ARW15K31187B9AE845',91.592,'B','minor',0.460747,2009),('SOEVFVS130516E3BC9','Living Together Is Keeping Us ','ARJ3FQB1187B9B2715',107.711,'Bb','minor',0.656921,NULL),('SOEVHZW144F504DD1C','Damn I Wish I Was Your Lover','ARNF6401187FB57032',95.001,'D','major',0.557847,NULL),('SOEVNMG13F669795B0','La Bella Estate','ARY2BA21187B9AB4A0',110.013,'D','major',0.736645,NULL),('SOEWEVP12A8C13A82B','Baby Blues','AROMOVD12AA0D8B6A5',72.184,'C#','minor',0.673833,1974),('SOEWGUM12C106D17C5','Give Up the Funk (Tear the Roo','ARJ56D11187B9B3846',104.852,'Bb','minor',0.767124,NULL),('SOEXPGQ1312A8A465E','Bass (How Low Can You Go)','ARLLANI1187FB5116F',139.647,'A','major',0.636524,NULL),('SOEZIXU12A6D4FB395','Keep It Gangsta','ARCU46N1187B992A12',91.445,'Ab','major',0.743796,2004),('SOEZKPH13134395557','Rainbows','AR0Q6XH1187FB3CDE3',93.77,'D','minor',0.44333,NULL),('SOEZYBM12A6D4F8FCF','A-Tisket, A-Tasket','AR1PTQ01187FB5776E',168.736,'F','minor',0.63669,NULL),('SOEZZGV1311AFD6844','The Future','ARZQ7QA1187B9AD08B',124.799,'D','minor',0.880365,NULL),('SOFAAPF145098E1299','I\'m Back','ARTH9041187FB43E1F',89.796,'B','minor',0.872782,2000),('SOFAUBD144DC7969C4','Real Lover','ARFW42T1187B98EF2A',191.602,'Bb','minor',0.776141,NULL),('SOFAXFH13167714989','I\'m the Man','ARDSWIE1187FB39056',94.298,'G','major',0.756829,NULL),('SOFAYJP14F9F59B338','All Over the Track','ARMQ1BF1187B99C71B',91.019,'G','major',0.794605,1996),('SOFCERL13724734344','Dont Be Late','ARJKZMM12420782663',86.947,'Bb','minor',0.861335,NULL),('SOFCNQL13611CE3D3F','Tramp','ARYD07J1187FB57231',118.361,'F','major',0.662363,NULL),('SOFCZWW144E641586F','Single Life','ARHW3XF1187FB42F2B',110.667,'G','major',0.745405,2002),('SOFDQYP12AF729F2D5','High Power Rap','ARLKNCZ1187FB47DE4',107.052,'G','minor',0.832588,NULL),('SOFDVEJ1467ACACC7F','Old Smokey','AR07ZQH1187B99F38B',119.593,'D','minor',0.622814,NULL),('SOFDVMZ13C1BE736C2','Purple Haze','ARNDL191187FB51583',121.515,'B','major',0.329752,NULL),('SOFEJIW131712D0ED2','No Name Bar','ARFLSLE1187B9AC75E',140.312,'A','minor',0.47592,NULL),('SOFEKEV1312A8ABAC5','Catchin Feelins','ARPXABO1187FB4D15F',129.252,'A','minor',0.53876,2002),('SOFFRIN14606EB605F','Good Times','AR9J2H81187B9B5253',112.264,'D','major',0.835435,NULL),('SOFFVUU12AF729D143','Rhythm (Devoted to the Art of ','AR4WHYC1187B9896E7',104.039,'Bb','minor',0.885409,NULL),('SOFGEYG1311AFECA1B','Put It On','ARW4XC11187B9B017F',179.786,'B','minor',0.71192,1995),('SOFGXVS1377A32C870','Funky Drummer','ARRDLVE1187FB48F11',93.155,'A','minor',0.691574,1991),('SOFHFAX1313439CA42','Polarizer','ARS1VR41187B9957D9',97.702,'G','minor',0.796397,NULL),('SOFHUVC13FB9E36053','Rapper\'s Delight','ARB2M051187FB56FA9',111.69,'D','major',0.914232,1997),('SOFHWCU1464653D0D6','Vixen','AR3TITY1187B99E790',88.024,'Bb','minor',0.634188,NULL),('SOFIAWX12AF72A0D5E','It\'s My Thing','ARSQDUN1187B98D7D7',102.875,'B','minor',0.676667,1988),('SOFIHNP15082BC7AD6','Mickey\'s Monkey','ARWAYHU1187B9A36E5',92.902,'D','minor',0.715052,NULL),('SOFIIFA13E8FC61FE2','Heart Skips a Beat','ARGLFXO12592CDB6B4',122.632,'Ab','minor',0.903784,NULL),('SOFJHTA12A6701FBB0','My Name Is','ARTH9041187FB43E1F',85.527,'C#','major',0.862847,1999),('SOFJSZH12A6D4F5ED3','Physical Stamina','ARNH6Q11187FB40FDD',90.275,'A','major',0.770856,NULL),('SOFJUDM131343A2BF4','Deeper and Deeper','ARVFLIK1187B9AB8E9',78.165,'Eb','minor',0.580781,NULL),('SOFKHIN12AB0186DA4','Freedom','ARMDBW21187FB37126',108.722,'G','major',0.860714,NULL),('SOFKQKR1312A8A6268','The Devil Hides Behind Her Smi','AR4LF541187FB37C6A',136.071,'G','major',0.552748,2008),('SOFKSIV1315CD4028E','Succaz','AROSDTX11F4C843A5D',91.506,'B','minor',0.615143,NULL),('SOFKTTA12A6701DA1D','Stimulation','ARWPZIE1187B9B7F82',97.983,'F#','major',0.559655,1994),('SOFMBCA12AB01863AA','Lencorcism','ARZWN6W1187FB3EF25',89.884,'E','major',0.839748,1997),('SOFMXPB13E90684912','Co-Sign','ARTFZOY1187FB4656A',92.882,'C#','minor',0.705075,NULL),('SOFNIMU13FA9E1DBCC','Over Here','ARDUNBH13F9AD7E672',96.755,'Ab','major',0.690314,NULL),('SOFNMGQ145B15173F4','MVP','ARW4XC11187B9B017F',86.743,'Bb','minor',0.860567,NULL),('SOFNSNT12A8C13FBEB','Announcement','AR48SHG1187FB4DD30',134.481,'C','major',0.583822,1987),('SOFOERC14D2CD7FAA5','The Hidden Hand','AR2XI6G1187B9AE7DA',170.144,'Ab','major',0.510111,NULL),('SOFPBCJ1455DF7CBE1','She Knows','ARFIDHF12496DAB7E1',118.018,'C#','major',0.519512,NULL),('SOFPKBL1311AFEA008','Stoop Rap','ARHJVRG1269FB33071',102.413,'F#','major',0.873174,NULL),('SOFQJPO131677142DC','Lights Out','AR1PL481187B9B3786',101.003,'F#','major',0.908911,NULL),('SOFSDDL137326A64C1','Supersonic','ARTFDUD1187B9B8CA7',88.061,'C','major',0.803658,NULL),('SOFSLEH1369E069CE9','B Side Wins Again','ARPANXO1187B9B468A',108.672,'D','major',0.736374,1990),('SOFSRZH1315CD477A3','O.P.P.','AR1ZYLH1187B98C159',97.743,'G','major',0.845894,1991),('SOFSVZT1411D88AA6E','More Peas','ARF4OQL1187FB3716B',102.127,'C','major',0.90118,1995),('SOFTEHB148A4A13836','Don\'t Look Any Further','ARSX7N41187FB46EE6',95.235,'A','minor',0.785608,NULL),('SOFTJMF144BD0DC2F4','The What','ARSZ6MA1187FB43D29',173.985,'A','minor',0.614218,1999),('SOFUTRB13167714B5A','AmeriKKKa\'s Most Wanted','AROSI8L1187B9ACD43',107.774,'C#','major',0.84888,1990),('SOFVBQU12AF729EFF5','DWYCK','ARDSWIE1187FB39056',98.963,'G','major',0.918368,2006),('SOFWAXV12A8C13C801','When Will They Shoot?','AROSI8L1187B9ACD43',95.649,'G','major',0.741098,1992),('SOFWLIT12AF729EF0F','Shines','ARIWGS71187B993991',86.459,'F#','minor',0.640646,NULL),('SOFWLTW136F10A9C51','I Wanna Rock','AR9I0AS1187FB49FDF',139.853,'B','minor',0.70739,NULL),('SOFWNCQ14788E7A710','Peepin\'','AR7XILV1187FB4416D',187.841,'G','major',0.444344,NULL),('SOFXXQN14035B7120A','We Get High','ARDFUFY1187B98B206',118.996,'Ab','major',0.787877,NULL),('SOFYSEG12AF72A29F0','F.A.L.A.','ARDSWIE1187FB39056',92.156,'G','major',0.854295,NULL),('SOFZAID1393C6C4815','She Is Love','ARKYSRT1241B9C5049',142.009,'C','major',0.923784,NULL),('SOGAKSP13E910C7CA2','Bastards','AR3H3EH1187B993401',90.513,'F','minor',0.694096,NULL),('SOGBCSZ14016B1B24E','Rhythm Is a Dancer','AR5O6W51187FB46984',140.186,'A','minor',0.732757,NULL),('SOGBEKY137723B264B','Funky Worm','ARMJXRP1187FB461A0',85.786,'F','major',0.567766,NULL),('SOGBVAY146FE6D81E0','Like This and Like That','ARKR0111187B99FD2A',95.921,'G','major',0.805487,NULL),('SOGBXCB13741087159','Look-Ka Py Py','AR594TJ1187B9A2220',176.656,'Bb','minor',0.692152,2007),('SOGCRGR13775570FE3','Rap Phenomenon','ARSZ6MA1187FB43D29',172.678,'C#','major',0.557103,1999),('SOGCWQQ12AC468AFA0','Hihache','AR81PS11187B9A7C5C',109.243,'D','minor',0.500375,NULL),('SOGDBBC12AB018576E','It\'s Yours','ARE815V1187B998A43',98.404,'G','major',0.855736,NULL),('SOGDYFP13665734B76','Lolita','ARICLSK131AAE25F5E',135.953,'C','minor',0.505735,2012),('SOGETWC13A7D37CBE2','Brittle but Magic','ARME7101187FB3ECDD',105.806,'B','major',0.668781,NULL),('SOGEWMP1315CD4E61D','Jump for Jah','ARXGWNG1187FB503A5',159.242,'F','major',0.808005,NULL),('SOGFATL13E9071A910','Your Body\'s Callin\'','ARLMXEA1187B9A7D04',84.191,'A','major',0.668107,NULL),('SOGFGWY12AF729F286','Serial Killa','ARZ5H0P1187B98A1DD',99.447,'D','major',0.770342,NULL),('SOGGAHH131343919C0','Ghetto Style','ARRDD0E1187B9A90D0',172.965,'D','major',0.557078,NULL),('SOGIBZR1312FE01A79','Da Doo Ron Ron (When He Walked','ARB59YI1187FB492AF',153.189,'B','major',0.671165,NULL),('SOGIHOP13F70D011EE','Pilipino Rock','AR82F751187B98F89A',166.717,'C','major',0.580278,NULL),('SOGIYPY12A6D4F8B44','Mona Lisa','ARUMGZN1187FB37125',106.874,'A','major',0.932833,1988),('SOGJYOJ14607001890','Juicy','ARSZ6MA1187FB43D29',96.084,'F#','major',0.882561,NULL),('SOGKDVW131343990E7','Pimp Tha Pen','ARCQMJH1187B9B53CC',138.783,'G','major',0.831267,NULL),('SOGKNHK142B30F4963','Custard Pie','ARDIBRT1187B9AF176',182.233,'A','major',0.453065,1975),('SOGKYPU1312A8A5463','Nutmeg','ARZQYSZ1187FB3AC39',175.994,'D','major',0.511128,NULL),('SOGMFIZ150FD761579','Risin\' to the Top','ARH36O11187B988F04',93.905,'C','minor',0.613995,NULL),('SOGMQPA1311AFED6F9','You Send Me','ARCZ5JJ1187FB3E221',80.696,'Ab','major',0.371925,NULL),('SOGMQWC129F069CB42','The Blue Nun','ARLHO5Z1187FB4C861',102.001,'G','major',0.614609,NULL),('SOGNPHN12A6701FBFB','Stan','ARTH9041187FB43E1F',80.032,'F#','minor',0.781458,2000),('SOGNWJC12AF72A619F','Lock It in the Pocket','ARSWHKY1187B9B40B2',102.285,'F','major',0.559164,1978),('SOGPJFY1311AFD51B5','Plaistow Patricia','AR8E5MN1187B9AFBCE',171.494,'A','major',0.391951,NULL),('SOGPLGP14582A89AC8','Shake Your Booty','ARY6F4V1187B99AC0B',101.419,'B','minor',0.66646,NULL),('SOGQCLO143FE06FC23','Popular Music','ARVYRVN12420780366',179.988,'C#','major',0.46395,NULL),('SOGQISI144EE0DA7D1','The Phantom of the Opera','AROMLCI1187FB4C6E7',127.356,'D','minor',0.283168,NULL),('SOGQLWO12A67020AE4','How We Ride','ARHHYQ81187B9A1C14',94.566,'D','major',0.765988,NULL),('SOGRTZJ130516DE18C','Music for the People','ARDWOW81187FB3B574',117.765,'E','major',0.758441,NULL),('SOGSFTG13DC6638F8C','Far From Yours','AR0D3LM1187B9B9592',172.057,'B','minor',0.587293,1997),('SOGSVJX144056BAAD4','3005','ARYVZHB1271F573F3F',82.922,'B','minor',0.62907,NULL),('SOGSXGU12AC4685E6D','4 My Peeps','ARKFVRI1264D13731A',89.728,'B','major',0.753386,2008),('SOGTYFM12AB018016A','Fudge Pudge','AR9ODB41187FB459B2',103.474,'D','major',0.868454,NULL),('SOGUNGH1372F0C2470','Without You','ARICLSK131AAE25F5E',111.921,'F#','major',0.582317,2012),('SOGUPLQ1311AFD85CB','Didgin\' Out','AREK02J1187B98E52F',96.154,'Bb','major',0.808768,1993),('SOGUTSD13E906424E6','Go!','AR54RGR1187FB51D10',99.477,'Bb','minor',0.62369,NULL),('SOGWGSJ12AF72A8AC2','Hip Hop','ARW15K31187B9AE845',90.238,'C#','major',0.592264,1999),('SOGXHKS1315CD46E7A','Richard Pryor Dialogue','ARQ80SJ1187B9ACE44',130.749,'F#','major',0.555841,NULL),('SOGZLQT12A8C13E873','The Ladder','ARZQ7QA1187B9AD08B',116.336,'C#','major',0.500467,NULL),('SOGZQDM1312FDFE97A','Rough Like Me','ARSUHIL1187B9ABE12',163.992,'Ab','major',0.689639,NULL),('SOGZTJL14AF5D178A6','The Next Episode','ARZER7I1187FB385AF',97.714,'F#','major',0.920468,NULL),('SOHBLYB139E0937064','Grand Verbalizer, What Time Is','AROL0IA1187B9902BA',96.175,'B','minor',0.900032,1990),('SOHBVPN136CB2E45AB','Around the Way Girl','ARNHMFD1187FB3B3F6',202.278,'C#','minor',0.572996,1990),('SOHCHAV13731465049','Rappaz R. N. Dainja','AR2SGQW1187B9B9E7C',174.691,'F#','major',0.780273,NULL),('SOHCOAO13665734859','National Anthem','ARICLSK131AAE25F5E',84.998,'C','minor',0.525883,2012),('SOHCVLM145DE8FA2A0','Believe Me','ARUDYKB11F4C83C269',91.98,'Bb','minor',0.866835,NULL),('SOHCZIP14709BCC39F','Nostalgia','ARM1UIH1187B9A5DE8',98.511,'F#','minor',0.753004,NULL),('SOHDKOZ14E079ED77C','Show Me','ARFJXBN12F0DAC3E88',98.011,'E','minor',0.66403,NULL),('SOHDQZJ13134389377','Sneakin\' in the Back','AREY40T1187FB5C655',98.36,'Bb','minor',0.718325,NULL),('SOHEBPF1312FDFE852','God O.D.','ARZHZSA1187B988D1C',114.324,'G','major',0.812495,NULL),('SOHERTB12AF72A154E','AJ Scratch','AR60C3O1187FB46737',198.073,'F','minor',0.743288,NULL),('SOHETUT13729451D48','Ain\'t No Sunshine','ARBPIT91187B9ABC56',89.054,'A','minor',0.764038,NULL),('SOHFCOR149878F2BC0','I Shot the Sheriff','ARLAUED1187B9ACEAF',94.743,'C','major',0.693398,NULL),('SOHGBRZ1315CD501D7','Steel Dream','AR4R7QA1187B9AF851',108.991,'C','minor',0.668722,1996),('SOHGEFP12A8C13243D','Mighty Healthy','ARZQYSZ1187FB3AC39',81.249,'D','minor',0.476957,NULL),('SOHGKVW12AB01892F2','Show No Mercy','AREN9QG1187FB3A576',114.19,'E','minor',0.656358,NULL),('SOHGQTK14035B6F855','No Biggie','ARDFUFY1187B98B206',90.056,'C#','major',0.744685,NULL),('SOHGXMG13134385F1B','Top Billin\'','ARXK9ZB1187FB49D29',91.499,'Bb','minor',0.913175,1988),('SOHITEK12AB0188CA6','Hihache','AR81PS11187B9A7C5C',108.758,'C','major',0.496769,1999),('SOHIVEY14EE1A39E59','Snowbound','AR96V8H1187FB395B7',175.425,'Ab','major',0.135082,NULL),('SOHIVVP148F11B0310','2 On','ARXSPAA14BEB94D0F4',101.029,'A','major',0.689449,NULL),('SOHJFWO13129A90A8D','Jimmy Smith Rap','AR3JJGQ1187FB410B5',85.007,'F#','major',0.650571,NULL),('SOHJJTN146191CCD66','Aqua Boogie (A Psychoalphadisc','ARJ56D11187B9B3846',105.568,'C','major',0.681675,1993),('SOHJKQL1316771541A','Rollin\' Wit\' the Lench Mob','AROSI8L1187B9ACD43',103.33,'F#','minor',0.900341,1990),('SOHJWJY13DC53C88E9','Don\'t Hold the Wall','ARWK5QH1187B9A9B7F',118.352,'C#','major',0.701852,NULL),('SOHKBCO141342ED544','South of Northport','ARKFC2X1187B9A03DC',128.972,'E','major',0.552678,NULL),('SOHKCGW137308DD47A','Keep My Composure','ARMKBL21187FB38230',99.995,'B','major',0.65782,2008),('SOHKOGQ14E89BBE0B0','Don\'t Change Your Love','ARZE0AG1187FB5BF61',106.774,'A','major',0.442111,NULL),('SOHLTYR13B193B6F42','Summertime (Live)','ARJQVBE1187FB3D623',125.111,'A','minor',0.719098,NULL),('SOHNFRE131634A7A9D','Off the Books','ARVKMD51187B99D66D',100.512,'B','major',0.836644,NULL),('SOHNILM13152A773E8','Workinonit','AREVN1B1187B9944B2',92.968,'B','minor',0.651903,2006),('SOHNUDQ13A6181F623','Hip Hop','ARPVZTA1187B9A63A8',76.985,'B','major',0.59614,2012),('SOHNZRA12B0B808A15','Lightworks','AREVN1B1187B9944B2',190.77,'D','major',0.424213,2006),('SOHOODI133EB4D2398','St. Elmo\'s Fire','ARP50JK1187FB53278',110.707,'D','minor',0.658205,NULL),('SOHOTHJ13672DE676D','Body Work','AR1SGV61187FB510F5',121.904,'E','minor',0.835946,NULL),('SOHPEJE13E907A3ADE','Coldest Winter','ARRH63Y1187FB47783',134.085,'E','minor',0.647354,NULL),('SOHPODW12A67020395','Diggy Down','ARNHMFD1187FB3B3F6',169.258,'A','minor',0.608068,1993),('SOHPYAP146F9081344','It Ain\'t Hard to Tell','ARZ3U2M1187B989ACB',92.408,'B','minor',0.66222,NULL),('SOHRTDW13C6B39BE55','Ghetto Symphony','ARVKMMF133F5CF74A6',150.505,'F#','major',0.498861,NULL),('SOHRWSA14F942ECB79','Don\'t Tell \'Em','ARQFENL121318C58A6',196.005,'D','major',0.526469,NULL),('SOHRWXE1311AFD8A39','I Can','ARZ3U2M1187B989ACB',95.313,'F#','minor',0.836767,2002),('SOHSAZZ135978F7BD4','If I Can\'t','AR23C041187FB4D534',93.983,'B','minor',0.88327,2003),('SOHSEEK1376CC8B52B','The Jam','ARTRQUJ1187B992ADD',107.618,'B','minor',0.6392,NULL),('SOHSLMY12A8C13DD12','Godfather Runnin\' the Joint','ARRDLVE1187FB48F11',98.515,'F#','minor',0.878062,NULL),('SOHSMKW1498AC479DA','Eve','ARZZX5J1187B9979D3',126.02,'Bb','minor',0.754815,NULL),('SOHSZNG14035B714D3','Survival Tactics','ARLTCGU13798C212D5',99.876,'C#','major',0.777717,NULL),('SOHTIYR13775556035','8th Wonder','ARB2M051187FB56FA9',106.562,'C#','major',0.862386,1981),('SOHTWGX12AF72A6A30','To the Other Man','ARHV6YT1187FB4C6BC',137.33,'Eb','major',0.50472,NULL),('SOHUEXR133A922EE89','Never Had Love','AR1M4LH1187B9B9F32',83.063,'C','major',0.62401,NULL),('SOHUHIL1376E235D54','Another Planet','AR2EAIQ1187B9A978C',172.976,'F#','major',0.437858,NULL),('SOHUTTN1373EF5CD09','King of the Beats','ARONUSR1187B98DE3F',103.901,'C#','major',0.40923,NULL),('SOHVKAW14600B315ED','I Wanna Sex You Up','AREERZ61187FB3AAC1',201.773,'D','major',0.566502,NULL),('SOHWARS12A58A79CE3','Get Close','AR0NZW11187FB4800E',92.477,'B','major',0.861136,2006),('SOHWVJP146FE4A4FDE','Don\'t Tell It','ARRDLVE1187FB48F11',99.064,'Bb','major',0.849178,NULL),('SOHWWNL13E907DBD86','Girls Around the World','ARGQW6B1187FB4C839',97.495,'G','major',0.735195,NULL),('SOHXCDE1312FDFC32B','Because I Got It Like That','ARWKPUC1187FB511DD',102.916,'C#','minor',0.899741,1996),('SOHXLBD14815B43D22','Oath','ARIEZEE13B48012DFD',90.393,'C#','major',0.420396,NULL),('SOHXPXM12A67AD715E','Chicken Yellow','AR7HSZN1187FB5AD87',102.64,'B','minor',0.800203,NULL),('SOHXTPH1313439C75F','Cell Therapy','ARSF9Y31187FB44ED0',83.115,'C','major',0.854087,NULL),('SOHXVRK12AF729D736','LX Extravaganza','ARHJFSI1187B996B15',203.916,'Bb','minor',0.553786,NULL),('SOHXZOH1313439D005','Cell Therapy','ARSF9Y31187FB44ED0',83.125,'C','major',0.877333,1995),('SOHYENY1315CD4986F','Neck of the Woods','AR2R67I1187FB4FF3E',178.043,'C','minor',0.643843,2005),('SOHYHHQ1311AFEB165','Long Winded','AR5PF241187B989C1D',87.884,'C#','major',0.811828,NULL),('SOHYRMI12AB018683A','Trigger Talk','ARVBAW91187B9B7227',88.933,'F#','major',0.551521,2010),('SOIAFSF1313438BD91','Different Strokes','ARDCKVJ1187FB54D1F',108.07,'D','major',0.836105,2009),('SOIAGTR1368C874C2E','Bring \'Em Out','ARBS1OC1187FB44CAF',98.863,'D','major',0.710706,NULL),('SOIAMTD12A6D4F723B','Do You Like Criminals?','AR1PL481187B9B3786',91.051,'Ab','minor',0.751074,NULL),('SOIAPJI1478B6EA9E8','Shamboozie','AR7FZ7W1187B9A5D13',91.215,'F','minor',0.795448,NULL),('SOIAUKM13775621C02','Funky President (People It\'s B','ARRDLVE1187FB48F11',100.07,'Bb','minor',0.847803,NULL),('SOIBJLB13DB9E6627C','Meine Zeit','ARIGDMX1269FCD4CFB',89.003,'C#','major',0.87351,NULL),('SOICFPQ12AB0187147','Funky Technician','AR6M50Z1187B9A3503',95.283,'G','major',0.786669,1990),('SOICJWE14618A046CF','Act Like You Know','ARGXMK01187FB43932',103.143,'F','minor',0.743783,NULL),('SOIDAVQ1366EF9637D','She Does It','ARMTVW61187B9B8802',165.603,'A','minor',0.247869,NULL),('SOIEZNN1376D287EFF','I Feel Love','ARVU2XO1187B9893DB',126.034,'G','minor',0.553236,NULL),('SOIFEBS1315CD4D13B','Project Boy','ARBE9XH1187B9A826F',95.649,'C#','minor',0.645765,NULL),('SOIFGQJ1312A8ABA90','Soulja\'s Story','ARPXABO1187FB4D15F',79.338,'B','minor',0.851848,NULL),('SOIFNAX144AD11923D','(I Can\'t Get No) Satisfaction','ARFCUN31187B9AD578',134.577,'A','major',0.718948,NULL),('SOIFTCX13CF0D32561','The Worst Band in the World','ARUBDBK1187FB4D1B3',155.516,'D','major',0.577302,NULL),('SOIFXKT12A6310E2AD','Alright Hear This','ARLHO5Z1187FB4C861',101.405,'F','minor',0.791055,1994),('SOIGMGS14013C6E4AC','Palm Trees','ARHWIEO1357A6284D7',94.129,'B','minor',0.614887,NULL),('SOIHDUS144BD0743C0','The Next Movement','AR8RXRI1187FB4104B',94.988,'Bb','minor',0.774754,2005),('SOIHLSK13935C02C87','Illegal Search','ARNHMFD1187FB3B3F6',109.898,'B','minor',0.816254,1990),('SOIISJY13730FF757C','If You Don\'t Know Now You Know','ARBCUNV1187B98A9FB',156.738,'D','minor',0.443625,2009),('SOIJMYY14608CC7376','Jump','AR3Z9WY1187FB4CDC2',102.2,'G','major',0.757533,NULL),('SOILAJQ14340196E92','Eeny Meeny Miny Moe','ARKPD9Z1187B9AA7DC',128.074,'A','major',0.712137,1979),('SOIMJHZ1316771A857','Caribbean Nights','AR7FZ7W1187B9A5D13',109.23,'D','minor',0.719349,1978),('SOINEZC13167715380','Dominoes','AR2969S1187FB3F5D1',116.679,'B','major',0.562746,NULL),('SOINIBK1315CD4FB6E','Da Graveyard','ARW4XC11187B9B017F',92.992,'A','major',0.838771,NULL),('SOINONR1375802B574','Tramp','ARYD07J1187FB57231',113.684,'C','major',0.888773,NULL),('SOINOTY13777C25E4A','Humpin\'','ARYMBWO1187FB3B1F2',108.805,'G','major',0.786051,NULL),('SOINTYN12A58A78DCA','Like a Pimp','ARRTHFN11F4C83D56B',87.942,'F#','major',0.909147,NULL),('SOIOOKJ13772AD7AEC','Who Am I (What\'s My Name)?','ARZ5H0P1187B98A1DD',96.304,'C#','major',0.90562,1996),('SOIPVJW12AB0186BDC','You Can\'t Stop','ARY3WQ11187B996027',87.209,'B','minor',0.740949,NULL),('SOIQPYR143A1821C7A','My Life','ARGJFIQ11EBCD789D1',88.991,'C#','minor',0.605957,NULL),('SOIQXNT13F45CD880E','Blood on the Leaves','ARRH63Y1187FB47783',85.963,'D','minor',0.412342,2013),('SOIRQNQ12AAF3B3BBF','Da Mystery of Chessboxin\'','ARVTAI41187B9B8B67',105.652,'D','major',0.676728,NULL),('SOISCHF14E8BB8EFE2','Gangster Boogie','ARV4MQQ1187FB515A3',110.754,'F#','minor',0.796556,NULL),('SOISGRD12A6D4F720D','Ode to Billie Joe','AR7XILV1187FB4416D',95.569,'F','major',0.614478,NULL),('SOITHIY147884FC4F7','Blame It','ARD5VN51187B9B8D29',88.015,'B','minor',0.762572,NULL),('SOITPZA131343886F4','Welcome to the East','ARRJ3UC1187FB579D7',94.969,'D','major',0.589249,2007),('SOITXKJ136A5D7C245','Beat Box','AR78KRI1187B98E6F2',108.373,'Bb','major',0.828002,2006),('SOIUIQC135B94802D5','Funky Drummer','ARRDLVE1187FB48F11',92.859,'B','major',0.623273,NULL),('SOIURQG131343A4CCD','The Message','ARZ3U2M1187B989ACB',89.218,'F','major',0.749704,1996),('SOIVHLV1315CD4C87F','The Night They Drove Old Dixie','ARJQVBE1187FB3D623',121.882,'F','major',0.577728,NULL),('SOIVNIS144912A2D1E','Robes','AROZHXK12592CDAC92',83.8,'Ab','major',0.408324,NULL),('SOIVRPH13C1A528C38','(Not Just) Knee Deep','AR1JLAW1187FB38508',115.276,'C','major',0.846828,NULL),('SOIWBJS12A8C137DA6','Intro (The Last Night)','AR49IQD1187FB37EA7',51.005,'F','minor',0.456409,NULL),('SOIWNMY12A8C13C018','We Will Rock You','ARL4TII1187B9B46E1',91.259,'E','major',0.503346,2004),('SOIXLBS13669F77479','Mr. Nice Watch','ARFIDHF12496DAB7E1',138.933,'Bb','minor',0.772967,2011),('SOIXMUK1315CD49737','The Awakening','AR3XI5A1187FB407D5',81.814,'C#','major',0.534938,NULL),('SOIYAZT12A8C142D6B','You Can\'t Turn Me Away','ARW61EW1187B98A3A2',178.97,'G','major',0.622444,1981),('SOIYQLN13935BFF0D3','Funky Sound (Tear the Roof Off','ARK7ADK1187B9AD6AA',109.594,'C#','major',0.841803,NULL),('SOIYSSA12AB0189B6B','Marriage Is a State of Vibes','ARFNZAT1187B999B7C',104.331,'F','minor',0.801789,NULL),('SOIZXIC13778CADC97','Las Vegas Tango','AR5FGSX1187B9B5454',96.247,'E','minor',0.377023,NULL),('SOJAHNN13167713E5C','Time\'s Up','AR0D3LM1187B9B9592',89.648,'D','major',0.58512,1994),('SOJBCIS1360E3BDBA6','Dance With the Devil','ARHIC3Q1187B9B1773',95.188,'F#','minor',0.871876,NULL),('SOJBELU141C9F9A820','Rap God','ARTH9041187FB43E1F',148.164,'G','major',0.707691,2013),('SOJBWNN13134390A7D','Come Live With Me','ARKBX5B1187B9ADAFD',68.918,'E','major',0.566984,NULL),('SOJBWPR135C217BB18','Da Funk','ARF8HTQ1187B9AE693',111.221,'C','minor',0.797972,1995),('SOJCJAT14A456A0B2E','Paper Trail$','ARLTCGU13798C212D5',93.62,'C#','minor',0.5482,NULL),('SOJDCSR137419E632A','The Champ','ARKAZX31187FB45AE3',111.771,'C','major',0.797143,NULL),('SOJDVSV13732D74C62','Foe Life','ARWVM0Q1187B9A2AFD',91.06,'C#','minor',0.883596,NULL),('SOJEFOH13A18D22DBA','Go Stetsa I','AR0URDW1187B9934E6',100.733,'F#','major',0.851202,NULL),('SOJEWEI1311AFE9981','You Are - I Am','AR8MA9B1187FB59374',79.538,'B','major',0.299897,1979),('SOJFPWR1311AFE684A','Gucci Time','ARV4MQQ1187FB515A3',95.313,'G','major',0.730987,2003),('SOJFVXC12AB0183A6C','Survival Tactics','ARAADXM1187FB3ECDB',98.966,'C#','major',0.78101,NULL),('SOJGIHI12AB018855E','The MC','AR2SGQW1187B9B9E7C',92.093,'Ab','major',0.716581,1997),('SOJGTHL12B0B80C243','I Got Cha Opin','ARYYFT91187FB50113',91.295,'E','minor',0.715028,NULL),('SOJIBPL12A8AE47FC1','Two Occasions','ARM43TH1187B9B62A9',175.642,'A','minor',0.814864,NULL),('SOJKGDX131712D1CC7','Kool Is Back','ARNSGYD1187B9B8B52',102.659,'G','major',0.685428,NULL),('SOJKYWR132C080B1BD','Clear Out','AR9788H1187B9A05D1',177.821,'B','minor',0.311609,NULL),('SOJLHKC14F9434C046','Police Woman','ARZWPWP1241B9CA793',119.804,'G','minor',0.669793,NULL),('SOJLRGK13C89B3A521','Unorthodox','ARLTCGU13798C212D5',91.176,'E','minor',0.707949,NULL),('SOJMXXO14FAF9CD4A3','Work It','ARXFB7K1187B9B1E54',103.377,'C#','major',0.868298,NULL),('SOJNDUP131677152B3','Rebirth of Slick (Cool Like Da','ARTOXOB1187B9B78C1',98.323,'C#','minor',0.884904,1993),('SOJNWRZ1366CD18292','Angry','AR040M31187B98CA41',110.009,'C#','minor',0.80086,NULL),('SOJOCFP147F5B59D53','Who','ARRTOGQ1269FB3446E',127.986,'D','major',0.536458,NULL),('SOJOKQY13FA467E48E','We Them Niggas','AR6XU5411C8A4152FE',106.029,'A','major',0.869968,NULL),('SOJPUFH13D9A39A820','Chapter 5: Mrs...','ARHHTZL119B34033E9',117.173,'Bb','minor',0.71398,2013),('SOJQDFU13CCC734A02','Game\'s Pain','ARPBTRI1187FB52457',97.015,'F#','minor',0.759856,2008),('SOJRBUV1315CD4FCF4','Heartbeat','AR8ZXTS1187B9A377E',97.336,'B','minor',0.805157,NULL),('SOJTYFS1315CD4B98D','I\'m Gonna Love You Just a Litt','ARVT7941187B9AEB48',88.182,'Ab','major',0.709528,NULL),('SOJTYZS135C1B0AC36','Wretches and Kings','ARQUMH41187B9AF699',90.011,'E','minor',0.594502,2010),('SOJVRQW13A18D23154','Love Rap','ARVYL021187B9A86CF',105.324,'E','minor',0.836977,NULL),('SOJWBCZ13E8FCE6526','Rocket to Uranus','AR5Z39P1187FB3EFDD',129.942,'Bb','minor',0.571642,NULL),('SOJYETU14A4414517E','I Keep Forgettin\'','ARHTHC01187B9B6D2A',95.395,'E','minor',0.751913,NULL),('SOJYQUM137376970A2','That\'s the Way Love Goes','ART4QZC1187FB51612',97.628,'C','major',0.720125,NULL),('SOJYZBW12AB017EEA6','Sprite: Melonball Bounce','ARPFXNI1187B9A4C9D',102.01,'B','minor',0.780088,NULL),('SOJZKJH1366AA20FFB','Santa Claus Is Coming to Town','ARFCWSZ123526A0AFD',104.991,'C','minor',0.639674,2011),('SOJZNDP135C360B949','Weekends','ARTDQRC1187FB4EFD4',103.97,'F#','minor',0.826694,2000),('SOKABGN12B0B80C1E5','High Powered','ARZER7I1187FB385AF',75.753,'G','major',0.562041,NULL),('SOKAUXF12A8C143FA6','The Ruler\'s Back','ARUMGZN1187FB37125',176.755,'G','major',0.541896,NULL),('SOKAWBB13E9072E38B','The Phuncky Feel One','ARMD3XX1187B9ACF84',102.07,'C#','minor',0.839522,NULL),('SOKBLRU1312FDFADE6','Snowflakes Are Dancing','ARJCJOU12454A3D55E',78.611,'G','minor',0.35916,NULL),('SOKBWYW12A6D4F74E4','Hey Jude','AR62WV51187B99F815',117.89,'Bb','major',0.42281,NULL),('SOKCPYY13F61F78400','It\'s All About the Benjamins','ARIHEQE13DF6350345',180.063,'Bb','minor',0.562923,NULL),('SOKDPQE13C9F0EA8E3','Totentanz','AR8KUJL1187FB46AD6',81.195,'D','minor',0.29383,NULL),('SOKEWTP12A58A7AC96','Fuck Tha Police','ARSL5SP1187B9A7AE0',66.742,'C#','minor',0.764486,NULL),('SOKEXBM1313439E1BF','Expo \'83','AR50ZPR1187B9A6988',83.286,'G','minor',0.770767,NULL),('SOKHIPW13E93A43639','I\'m Different','ARPVJVZ12FE085D726',157.59,'C#','major',0.84467,NULL),('SOKHJDP13270BE4742','Stopping All Stations','ARC5BL01187FB3DF69',90.046,'G','major',0.765167,2006),('SOKHTTF12B0B807BE3','Space','ARBKN991187FB3DDAE',82.957,'E','minor',0.693045,NULL),('SOKJDAY1315CD3F893','Champion (Remix)','AR3QS2R1187B9953C7',88.991,'C#','minor',0.757104,NULL),('SOKJMGL132C02DAF0D','Majesty','ARTFRJH12454A4D034',155.805,'Eb','minor',0.670548,2011),('SOKKCUE137337610CA','Ain\'t No Half-Steppin\'','ARHIC3Q1187B9B1773',100.844,'Bb','minor',0.809668,NULL),('SOKKJZI1312A8AD354','Key to the City','ARWXOCW1187FB52224',76.74,'E','minor',0.397375,NULL),('SOKKOKE1313439282D','Critical Beatdown','ARPLTOM1187FB43C56',110.123,'F#','minor',0.940036,1988),('SOKLGKY13ADE74F142','(Don\'t Want No) Woman','ARZEA421187FB5B5BA',97.424,'F','major',0.523189,NULL),('SOKLXQH15106D493E3','We Be Burnin\'','ARGQL2Q1187B9B0149',122.21,'Eb','minor',0.653299,NULL),('SOKMOUB14A45773477','Can\'t Wait','ARXWAQQ1187B9AE954',96.134,'C#','major',0.832057,NULL),('SOKMYZD1312A8AB21B','Frank Mills','AROQS6O1187FB3D146',170.865,'C','major',0.497689,NULL),('SOKNTHJ147E7483308','God Knows','ARQVJQY1187FB3ABDC',88.1,'Bb','minor',0.46632,NULL),('SOKNUBY1427BF79CFB','I\'ve Been Watching You','ARLFUNU1187B996754',88.83,'B','minor',0.701953,NULL),('SOKORHD13E15AE0A12','Hobo Scratch','ARO60NK1187FB49407',106.925,'B','minor',0.846202,NULL),('SOKOXQN136F1450D0D','Can\'t Knock the Hustle','ARLGIX31187B9AE9A0',97.085,'E','minor',0.518196,NULL),('SOKQDAO131F71D5F09','Strictly Business','ARSQDUN1187B98D7D7',88.288,'C#','minor',0.480113,NULL),('SOKRRBZ14CE472A2C5','I\'m Ill','ARS8JXH1187B998E41',121.962,'C#','minor',0.620736,NULL),('SOKSPFD14D9E4A8FFD','Son of Shaft','ARXGNJV1187B9B8962',116.944,'F','minor',0.663113,NULL),('SOKSPXE13775D0F3F3','Sure Shot','ARLHO5Z1187FB4C861',98.026,'C#','major',0.701818,1994),('SOKTIDD137769D2C74','Ghetto Bird','AROSI8L1187B9ACD43',95.454,'F#','minor',0.755206,2003),('SOKUBQW12AF72AC4E2','I\'ll Show You Love','ARPDVPJ1187B9ADBE9',90.206,'B','minor',0.657514,1994),('SOKUFVN135A5B785C3','Lil\' Hipster Girl','ARVKJGO12086C15075',128.145,'C#','major',0.648924,NULL),('SOKVGCO12A6D4FA607','Walk on By','AR6EUBG1187B995435',87.164,'Bb','minor',0.779827,2001),('SOKVMYA1312FDFCFD9','Ghost Trio','AROLQ1M1187B98ECD9',173.656,'Ab','major',0.562545,NULL),('SOKYETG12A6D4F82A3','Shiftee','ARZH3SW1187B98C96E',98.152,'C#','major',0.553728,1993),('SOKYPJR1313439AB25','Just Step (Prelude)','AREV2491187B9B017E',96.604,'Bb','major',0.784387,NULL),('SOLAWAH1379E4E3E1F','Batdance','ARZQ7QA1187B9AD08B',110.918,'D','major',0.652558,NULL),('SOLBFVC13134395715','Ring the Alarm','ARRTVWX1187B990CD5',87.713,'Ab','minor',0.706811,NULL),('SOLBUDV13776EE915A','Monster Jam','ARL5FFA1187B9894BB',106.68,'E','minor',0.873962,2002),('SOLBZYZ144B1A19F9D','Between the Sheets','ARTG85X1187B99D1F5',83.938,'A','minor',0.714874,1997),('SOLCWSP1460686A99D','Concrete Schoolyard','AREGC1Z1187B995A90',90.122,'Bb','major',0.893898,NULL),('SOLDOSL150DBC73324','Moshitup','ARDJEMI12F12999E6B',92.02,'G','major',0.790611,2001),('SOLECRZ12AF729F6FE','Intro: A Million and One Quest','ARLGIX31187B9AE9A0',87.701,'Ab','major',0.643979,NULL),('SOLFDFT12A6D4F8B85','New York Strait Talk','ARDSWIE1187FB39056',93.04,'B','minor',0.791938,NULL),('SOLFHFJ144D0FF4442','Waterfalls','ARZSKZU1187FB4CE1E',85.841,'Bb','minor',0.762393,NULL),('SOLGLXS13F65BFC0F2','You\'re Getting a Little Too Sm','AR4DXUD1187FB4A9FD',96.831,'A','major',0.764883,NULL),('SOLHCWY14BAA32F0DA','Started From the Bottom','ARODZUF11F4C841E1F',88.231,'B','minor',0.788073,NULL),('SOLHSOA13732367AB8','So What\'cha Want','ARLHO5Z1187FB4C861',85.481,'C#','major',0.734801,NULL),('SOLJXKI12AB0183D3F','Summertime','ARFLGIX11E2835C87F',62.751,'G','major',0.310571,NULL),('SOLLYBK13E99EB53CD','Why Do We Have to Go Our Separ','AROVCZR1187B98A382',129.571,'E','minor',0.336607,NULL),('SOLLYJI137566C770D','Dumb Enough','ARC5BL01187FB3DF69',169.127,'Bb','major',0.73983,2003),('SOLMECU12AF729B9CD','Black Cow','ARQT9SA1187B9AD3C7',186.495,'D','major',0.473382,1977),('SOLNVXN14E894390A2','Sylvester Lundgren','ARITVFG1269FB34AF1',87.876,'G','major',0.60939,NULL),('SOLOQRB1468E1EF430','No Mediocre','ARBS1OC1187FB44CAF',95.466,'C#','major',0.781123,2014),('SOLOQWD12A6D4FB37B','Who U Wit?','ARHLGDG11F4C846A37',95.018,'C#','minor',0.936955,2001),('SOLQCZV12AB0182B59','Stretching','ARNMONV11F50C4ECA4',126.067,'C#','major',0.549384,NULL),('SOLQDCH145B0D8D8FB','Get Down, Make Love','ARK9TRQ1187B99C095',90.955,'C#','minor',0.54559,1990),('SOLQIIM13ACD95EC2C','Money Trees','AREJQVO12C1DF51FFE',71.987,'G','major',0.716841,2012),('SOLQXVZ12B3A1CF0BA','They Want EFX','ARIA2JA1187B9B5C0C',99.447,'D','major',0.805347,NULL),('SOLSGTY147471CFB8E','Nobody to Love','ARMM06Q1187FB37202',127.948,'Eb','major',0.520304,NULL),('SOLTGVL13C45B73D3B','Lost Souls','ARPXABO1187FB4D15F',95.221,'G','major',0.821753,NULL),('SOLTWKL13C210E7698','Spinnin\'','AR1CDPT1187FB4316B',111.564,'D','major',0.681259,NULL),('SOLUWNQ136717A69BC','You Don\'t Know (Special Remix)','ARPK95V1187FB511DC',155.621,'Bb','minor',0.805624,NULL),('SOLVLTL1315CD4062E','Let a Ho Be a Ho','ARFX60Y1187B9A1495',95.057,'G','major',0.807196,2008),('SOLWMMP1315CD46F71','Da Joint','ARSQDUN1187B98D7D7',89.648,'C#','major',0.773051,1997),('SOLWWDH12A8C133B6C','Boom Biddy Bye Bye','ARMD3XX1187B9ACF84',91.145,'B','minor',0.756236,1995),('SOLYDXM1315CD50330','Pause','AR67F4O1187FB5C6FE',94.87,'E','major',0.672427,NULL),('SOLYQVS12AF729F9A4','Looking for You','AR0OQPL1187B9B549A',121.984,'C#','major',0.81001,2005),('SOLZYAY14D2CD5585A','Find Out','AR2XI6G1187B9AE7DA',88.462,'D','major',0.719202,NULL),('SOLZZMV12A8C13A055','Draw Your Brakes','ARUDRE01187FB4106D',81.223,'F','major',0.776984,1998),('SOMAAJF1312FDFB068','New Jack Swing','ARPAF9J1187B9B7028',106.954,'B','major',0.80837,NULL),('SOMAGHG144B00DE786','It Ain\'t Hard to Tell','ARZ3U2M1187B989ACB',91.346,'Bb','minor',0.746264,2007),('SOMBPGI14C59DE56DF','Gosh','ARQDVRT12CC71081DB',139.447,'Bb','minor',0.752659,NULL),('SOMCDHT12A6D4F9B8A','Child Support','AROSI8L1187B9ACD43',171.748,'F#','major',0.690183,2006),('SOMCFXV13E7FDB8126','Sin City','ARHDI7O1187B9B6850',82.823,'Bb','minor',0.578152,NULL),('SOMDKNP131677110F5','Live Fast, Die Young','ARNAIMI1187FB5733C',169.969,'E','major',0.418547,2010),('SOMEKML12A58A76508','The Return of Leroy Pt. 1','ARXJX961187B9ABDE9',100.95,'C','major',0.788244,NULL),('SOMEYQA1373141A0F2','Shook Ones Part II','AREV2491187B9B017E',93.988,'Bb','minor',0.761895,NULL),('SOMFBLX13E7522B654','Don\'t Make Me Do It','ARUSLID12A10043D01',71.456,'A','major',0.546871,NULL),('SOMFEEF1312FDFF433','Spoonin\' Rap','ARVYL021187B9A86CF',98.53,'C#','major',0.856144,NULL),('SOMGEXS1311AFD9CC9','Player\'s Anthem','ARFG66D1187FB536B6',88.139,'C#','major',0.763401,NULL),('SOMGKOT1315CD48123','The New Style','ARLHO5Z1187FB4C861',98.701,'Ab','minor',0.645811,1986),('SOMHNIE13152A748EA','Rappers Are in Danger','AR2XI6G1187B9AE7DA',106.871,'D','major',0.510774,NULL),('SOMIUGA13E9373AB3A','Genius of Love','ARTIQEB1187B9ACD9C',102.758,'G','major',0.927983,2009),('SOMJTFO13E9060D3D9','Straight Outta Compton','ARSL5SP1187B9A7AE0',101.757,'Bb','minor',0.808239,NULL),('SOMKEOD13690C968D3','Make Me a Believer','ARVP1TO1187B9A4A7A',89.195,'Ab','major',0.425763,NULL),('SOMLEKB1488DA9279F','Paparazzi','AR49IQD1187FB37EA7',97.818,'Ab','minor',0.584194,NULL),('SOMLOFO13AC38278DA','Rap Name','ARDD00U1187B9AEB3F',174.808,'Ab','major',0.651267,2002),('SOMLOYE144DF733C14','Evil Woman','AREHKZU122E5C4FC81',121.937,'A','minor',0.785521,NULL),('SOMMWZB12A8AE459C8','Slow Dance','ARHZCG01187B99E4DE',84.081,'C#','minor',0.715365,1978),('SOMNISO14A43A1D45C','Telephone Girl','ARIS5K31187B9AAF23',102.502,'C#','major',0.604299,NULL),('SOMOPSV12A6D4F6BB9','Jackin\' for Beats','AROSI8L1187B9ACD43',104.164,'G','major',0.898697,NULL),('SOMPILS1315CD4E4B1','Fly Like an Eagle','ARPBKJY13A4B40010E',108.097,'G','major',0.473868,1983),('SOMPJEY12DA01F450C','Ignorance','AREJQVO12C1DF51FFE',82.156,'G','major',0.64379,NULL),('SOMPUIR13EDB246702','Addictive','ARTR6D91187FB57536',99.266,'B','minor',0.746929,NULL),('SOMQJOP1280ED4E369','I Can\'t Help It','ARXPPEY1187FB51DF4',100.068,'F','minor',0.683826,1979),('SOMRUIH1500B90CCC0','As Crazy as It Is','ARZLHMW12AF7DABF36',179.548,'Ab','major',0.661728,NULL),('SOMRXWV1461E1A8A1A','Walk on By','ARFLSLE1187B9AC75E',78.21,'F#','major',0.28341,NULL),('SOMRYXA13C6A4EAF36','Chwile Ulotne','AR9ECQS1187B98EEDD',90.091,'G','major',0.72804,2000),('SOMUMGY150FCBDB180','Ignant Shit','ARODZUF11F4C841E1F',94.558,'Bb','minor',0.633014,NULL),('SOMUOBL12AF72A6FF4','Can\'t Help It','ARIWGS71187B993991',179.504,'C#','major',0.568241,NULL),('SOMUPNQ13738DD670D','Summer Wit Miami','ART62WC1187FB47E80',69.604,'F#','major',0.601179,NULL),('SOMVOYZ12A6D4FB7DF','Warning','ARSZ6MA1187FB43D29',172.145,'F#','minor',0.597076,1994),('SOMWLIQ13E90570D39','Got Some Teeth','ARDD00U1187B9AEB3F',106.48,'C#','major',0.77178,NULL),('SOMXWXT131343996C3','Person to Person','ARAF2I21187FB4CE77',96.502,'C','major',0.612139,NULL),('SOMYBFR144D02FB4B2','Christmas Rappin\'','AR60C3O1187FB46737',110.957,'A','major',0.891123,1980),('SOMYTGK14B7C857E11','Taste Your Love','AR8V9621187B99164D',93.502,'C#','major',0.765826,NULL),('SONANNU1366CE24B15','Redefine','AR1RMYB1187FB5A59E',176.637,'F#','minor',0.512877,1997),('SONAVAR141802A357F','Superappin\'','ARMDBW21187FB37126',113.364,'C','major',0.75653,NULL),('SONBGIN13134396809','I Ain\'t the Herb','ARFXLJM11F50C49182',97.648,'Bb','minor',0.698819,NULL),('SONBTXU1366F227DB3','Put It on the Line','ARR3FTZ1187FB3C302',84.735,'G','minor',0.488529,1988),('SONCNHD1392657D706','Magic Stick','ARFPVBC13925F19B85',93.002,'D','major',0.848493,NULL),('SONCPLV1499114EC3F','Friends','ARII41Q1187FB47B2C',96.239,'Bb','minor',0.858155,NULL),('SONCQAD12AB0184059','I\'m Housin\'','ARSQDUN1187B98D7D7',105.796,'G','major',0.823757,1988),('SONDITS146F9044167','Woo-Hah!! Got You All in Check','ARBCUNV1187B98A9FB',93.869,'C#','major',0.80357,NULL),('SONDMHE13EADD74C9C','Hoo-Bangin\' (WSCG Style)','AR1PL481187B9B3786',92.021,'C#','major',0.792866,NULL),('SONDNGS14D7F412A15','Things We Do for Love','AR8V9621187B99164D',97.134,'Bb','minor',0.824357,NULL),('SONEPXP144BD8EE83E','The What','ARSZ6MA1187FB43D29',173.225,'Bb','major',0.610856,NULL),('SONFEVO13E90671028','Body Movin\'','ARLHO5Z1187FB4C861',101.711,'C#','major',0.629429,NULL),('SONFWUF14608B6713A','C.R.E.A.M.','ARVTAI41187B9B8B67',180.805,'F#','major',0.444858,NULL),('SONGUVC1393E7DEF6D','Gangster Boogie','ARLHK431187B996269',108.373,'Bb','major',0.557997,NULL),('SONHJOT14E891B785F','Dance With the Devil','ARHKLFI1187B9ADBC2',179.779,'E','major',0.72504,NULL),('SONJEVF12AB0185D34','Toys (Live)','AR5KAA01187FB5AEB7',145.809,'C','major',0.353142,NULL),('SONKPYZ14373B74DF4','Snitch','ARDD00U1187B9AEB3F',89.85,'E','minor',0.696835,NULL),('SONMAHZ14A153809EE','Lions and Lambs','ARKBSDK122ECCB7851',94.174,'G','major',0.741952,NULL),('SONMCTA136880AF48B','Learn Chinese','ARQ1OPK1187B98B199',97.973,'G','major',0.76806,NULL),('SONNTQF13C7AC8A772','Blocka','ARR09ZZ1187FB4A10A',127.943,'C#','major',0.802527,NULL),('SONOGAZ139E54A5941','Ecstasy','ARMJXRP1187FB461A0',100.771,'G','major',0.661522,NULL),('SONOLKG144E48388A8','Crank That (Soulja Boy)','ARXHGWB1187FB557F5',140.12,'C','major',0.73642,2009),('SONPBFE14601388610','Chocolate City','ARJ56D11187B9B3846',109.368,'A','minor',0.800424,NULL),('SONPMGZ14297107151','Birth','AR6R1OA1187FB4D374',89.895,'E','minor',0.799431,NULL),('SONPQYL12AB0185F72','Don\'t Scandalize Mine','AR0FE4T1187B98998A',115.946,'F#','minor',0.837937,NULL),('SONQVNH12AF729EA56','Mind Blowin\'','ARSHUKZ11F50C4F89D',94.719,'G','major',0.853527,NULL),('SONRLOP13712BFF90F','The Bridge','AR0DQ0J1187B98948A',193.037,'Ab','major',0.707288,NULL),('SONRNZQ1311AFEB2A6','World Famous','ARN1VJ21187FB4053F',80.737,'C#','major',0.577732,1996),('SONSJOZ13D2162DD1C','The Seed (2.0)','AR8RXRI1187FB4104B',111.12,'G','major',0.742127,NULL),('SONSMUI15069C7D269','Beat','ARIL1ZZ1187FB56599',179.39,'B','minor',0.495633,NULL),('SONUPQQ14035B6F3F4','Don\'t Front','ARLTCGU13798C212D5',94.32,'Bb','major',0.62856,NULL),('SONXGPY13167713238','Blood Sweat and Gears','AROROGQ12FE0872F1E',80.98,'B','minor',0.617404,NULL),('SONZKHG1373CEA6A4D','No Sunshine','ARTE9CG1187B99B1AF',169.832,'A','minor',0.710887,NULL),('SONZZUA13B1F768FA5','Le Paradis Blanc','ARPX8T51187FB47E46',139.922,'F','minor',0.652951,1990),('SOOAVMS137757EE0C8','Get Up (I Feel Like Being A) S','ARRDLVE1187FB48F11',124.759,'B','minor',0.553633,1991),('SOOBSPY135CD0B4586','Rudeboy Salute','ARLGUTA1187B9B605F',91.021,'B','minor',0.848842,NULL),('SOOCAUH13E9081E663','How Low','AR7NPRY1187B9ADE15',143.847,'C#','major',0.644308,NULL),('SOOCMSF136CA2E9BC1','When I B on Tha Mic','AR8B1WY1187FB38366',95.919,'Ab','major',0.842796,1999),('SOOEDKC12AB0181705','Don\'t Be Late, Don\'t Come Too ','ARNHMFD1187FB3B3F6',168.165,'Eb','major',0.514477,1997),('SOOEIWF12A8C142137','Make Your Mind Up','ARWHM281187FB3D381',93.567,'Bb','minor',0.788395,NULL),('SOOEJJH14995888593','Candy','ARHW3XF1187FB42F2B',110.533,'B','minor',0.749947,NULL),('SOOEPCR12C0DDBEDC3','Without Me','ARTH9041187FB43E1F',112.253,'G','major',0.919443,NULL),('SOOEVXL13B17AB4C4B','History of Rap','ARZHBIR1187B991944',101.895,'C#','minor',0.587189,NULL),('SOOFWBN12AB0185686','Looking for the Perfect Beat','AROCAZH1187FB4A092',118.372,'B','major',0.7921,NULL),('SOOKBPC12B0B808633','Ambitionz Az a Ridah','ARPXABO1187FB4D15F',87.218,'D','major',0.786516,1996),('SOOKCZW130516E11EC','Hustle Hard (Remix)','AR6XU5411C8A4152FE',139.997,'C#','major',0.792506,NULL),('SOOKPSE13776BDE986','Izzo (H.O.V.A.)','ARLGIX31187B9AE9A0',84.411,'C#','minor',0.617746,2001),('SOOKYZM12A8C132691','Black Swan (Vogel Bonus Beat E','ARH1N081187B9AC562',119.99,'D','major',0.846533,NULL),('SOOMAHD136992A69B8','I Think I\'d Do It','ARRPCKN1187FB5BA2F',108.388,'Bb','minor',0.719994,NULL),('SOOMFLH12AF72A64D9','Express Yourself (Extended Mix','ARSL5SP1187B9A7AE0',96.255,'F#','minor',0.880664,1988),('SOOOHXY1313439A286','Evil Woman','AROURUF1187FB532C9',112.74,'C','major',0.612165,NULL),('SOOOPLZ13E995CA896','It\'s Over','AR50L8J1187FB39DD8',127.661,'D','minor',0.519827,NULL),('SOOOVCR13D3EC93B77','Eenie Meenie','ARRDRVI13FBEEFED45',129.958,'C#','major',0.682144,NULL),('SOOPSEQ13B202B4D06','Tonight Is the Night','ARHLC7T1187B9B8798',97.484,'D','major',0.718653,NULL),('SOOQNFC13667FD5283','The Set Up','ARDD00U1187B9AEB3F',239.294,'F#','major',0.482984,NULL),('SOORAXF12AB018AC56','Large Professor','ARDYD761187FB39B93',105.513,'B','major',0.856079,NULL),('SOORNTD12B3A1654D2','How About Some Hardcore (Intro','ARNW70F1187B9A6BFD',90.014,'C#','major',0.86637,NULL),('SOORWXI13E0E4B694C','Bootzilla','ARDEP501187B9A0987',103.63,'C#','minor',0.786551,NULL),('SOORYAY14B1775E63E','Largo Al Factotum','ARSXECA11F4C83D67F',84.037,'G','major',0.474833,NULL),('SOOSAAQ14E027DD500','Obie\'s Tidal','ARDD00U1187B9AEB3F',91.606,'Ab','major',0.614308,NULL),('SOOSRXQ1311AFE1ACF','Evil Woman','AR1CB5G1187B9AFB8E',120.096,'A','minor',0.656784,1990),('SOOTDHQ13134393647','Bout Ta\' Bubble','ARGXIE31187FB55B48',103.994,'C#','major',0.913749,NULL),('SOOTTVV131343992EB','Build Ya Skillz','AR2SGQW1187B9B9E7C',86.217,'C#','major',0.682838,NULL),('SOOULKF12B0B80BE46','Much More','AR1Q25M1187B9B0D73',92.687,'D','major',0.676045,NULL),('SOOVMAA13ECE65664E','No Vaseline','AROSI8L1187B9ACD43',175.346,'C#','major',0.412723,NULL),('SOOYIRB144BDCC8A07','White Rabbit','ARUP0001187FB39B04',106.803,'D','major',0.553357,1967),('SOOYKLT13C1C701BD7','My Speakers','AR6XU5411C8A4152FE',139.986,'C#','major',0.634845,NULL),('SOOZOKE12AF72A5871','Take It Back','AR17D2T1187FB4DBC2',174.138,'B','minor',0.551449,NULL),('SOPAJFD13B345E7779','I Know You See It','AROHMXL1187B9AF4B2',83.995,'C#','major',0.739479,NULL),('SOPAUYE1315CD48F9E','10% Dis','ARL9C2G1187B9A497C',90.213,'B','minor',0.911394,2001),('SOPBBUT13129A903D7','Six Million Ways to Die','ARQY01R1187FB3F57E',99.934,'B','major',0.828127,NULL),('SOPBPYQ14AA6DCC4DF','Good Lord','ARGLBVF13568A17795',80.378,'G','major',0.592243,NULL),('SOPFFVQ12A8AE48845','Fire (Sunrise Version)','AR4L4WQ1187FB51996',140.023,'F','minor',0.745172,1992),('SOPHNCA13741123513','Sonnenfluch','ARVCON51187FB482F5',135.864,'C','minor',0.529175,NULL),('SOPIUSK1371917BCD3','House of the Rising Sun','AR1VWD91187FB4CE99',116.913,'F','major',0.354191,NULL),('SOPJATV131343A02A5','Style (Peter Gunn Theme)','ARMDBW21187FB37126',102.059,'B','minor',0.940063,NULL),('SOPJCPT12AF72A5CF8','Impeach the President','ARCLLGV1187B98DE9D',97.531,'C#','major',0.627594,NULL),('SOPJGIO1315CD49F10','Leave Me Alone','ARQM3CJ1187B9B7AD1',87.956,'Ab','minor',0.531755,1997),('SOPJKOR1315CD4C2D0','So Appalled','ARRH63Y1187FB47783',87.377,'C#','minor',0.46305,2010),('SOPKEGR131343A2E01','King Tim III (Personality Jock','ARRZ1351187FB37A53',119.6,'C','major',0.839896,NULL),('SOPLOQR137755B6F87','Paul Revere','ARLHO5Z1187FB4C861',91.692,'F#','minor',0.901559,1986),('SOPLWDU12AB018BC05','DJ Premier in Deep Concentrati','ARDSWIE1187FB39056',178.329,'G','major',0.768027,1989),('SOPLZDZ1417FEFDEA4','Breaking Bells','ARE815V1187B998A43',101.01,'B','major',0.803529,NULL),('SOPMCSP144C3D31DB9','Rock Steady','AR7BGWD1187FB59CCB',104.62,'G','major',0.73926,1984),('SOPMFNZ145B1014702','Weapon World','ARHAEF41187FB38ECB',171.079,'B','minor',0.494544,NULL),('SOPMMQZ1311AFD63F9','666','ARMPI3T1187FB37025',99.354,'G','major',0.745875,NULL),('SOPMNHW12AB01879DC','Knowledge','ARDSWIE1187FB39056',89.08,'Bb','minor',0.84645,1989),('SOPOUTF13E9078375F','Recipe of a Hoe','ART8W6R1187B999909',83.003,'E','minor',0.80553,NULL),('SOPSAUE13B0D9425FB','Mirage','ARXOTQH1187FB57084',79.995,'C#','minor',0.647509,2012),('SOPTUGW13CF6A83792','Rack City','ARGUYNJ11C8A41506B',100.92,'C#','major',0.925559,NULL),('SOPUAMJ144E67F9F3C','Bedtime Story','ARBEOHF1187B9B044D',112.028,'C','major',0.712137,NULL),('SOPVCNA1446C68147C','(I Know I Got) Skillz','AR91OQB1187FB4ACE0',91.989,'D','major',0.858374,NULL),('SOPVMLA13E36B6B479','Zungguzungguguzungguzeng','ARZKNHT1187FB4F5FD',164.435,'E','major',0.677899,1987),('SOPXQMH150D28FE821','Be Real','ARFJXBN12F0DAC3E88',99.661,'A','minor',0.565299,NULL),('SOPYERC13669F7439E','You','AR9U1T81187FB4D1DE',92.912,'C','major',0.678018,NULL),('SOPYIIY12A6310F244','Song to the Siren','ARMKBL21187FB38230',111.374,'G','major',0.638913,NULL),('SOPYTJW12B3A1DB6C7','The Big Beat','ART1XOT1187B99A298',101.972,'C','major',0.562864,1980),('SOPZZHJ1316771A032','Lifecheck','ARQMWPF1187FB536C3',173.88,'F#','major',0.750658,NULL),('SOQAALQ144AE78FFDE','It\'s My Thing','ARZLAUI1187FB5BE49',107.979,'D','minor',0.771255,NULL),('SOQDEQZ13736FF0BCF','The Humpty Dance','ARYSJWK1187B9B32CE',103.513,'Bb','minor',0.842145,NULL),('SOQDLZF12A58A79F6E','I Dream of Wires','ARLVAAI1187FB3965C',104.024,'A','minor',0.555497,NULL),('SOQDQGL139358ACBAC','The Enemy','ARJDEQU1187B988C40',87.249,'F#','minor',0.726365,NULL),('SOQEBSU12A8C13227C','Tony\'s Theme','ARXI28B1187B98F65C',117.513,'C','major',0.527645,NULL),('SOQFEEG131343A253B','Feel Good','ARGEKPA1187FB41A5D',145.079,'Bb','major',0.657151,NULL),('SOQFTVC13152A72C0E','One More Chance (Remix)','ARSZ6MA1187FB43D29',96.167,'C','major',0.838733,NULL),('SOQGEXS130516E2E34','At a Darktown Cakewalk','ARMMZHS12DA0D13674',130.782,'C','major',0.384756,NULL),('SOQHUKJ1315CD479D4','You Got to Have a Mother for M','ARRDLVE1187FB48F11',119.403,'C#','major',0.582636,NULL),('SOQILKW131343A5094','Show Me Love','ARJUP3A1187FB55871',120.268,'F','major',0.817519,1993),('SOQJEAC12A8C140B9E','La Di Da La Di Day','ARQYX4N1187FB43837',106.046,'C','major',0.683784,NULL),('SOQJLRI144FD86E700','Shape of My Heart','ARUN2OO1187B9A7BF3',83.931,'F#','minor',0.524449,1993),('SOQKASP137412A883F','My Life','ARTVUER1187FB3905B',93.901,'Ab','major',0.730481,NULL),('SOQLAGE12AB0187EC2','Let the Words Flow','ARH79VT1187B99289F',109.105,'G','major',0.907859,NULL),('SOQOBBJ12A8C137638','Keep It Rollin\'','AR4WHYC1187B9896E7',88.738,'B','major',0.749386,1993),('SOQOXDB14FEEAA252E','Ignorant Shit','ARLGIX31187B9AE9A0',87.101,'C#','major',0.685491,NULL),('SOQPSZI13FFC51F212','I\'m Ready','AR23U5Y1187FB406B9',104.471,'F#','minor',0.399375,NULL),('SOQQEFF14CF1E4FB92','Kitty With the Bent Frame','ARLWEID1187B98DE3C',80.273,'F','minor',0.498516,NULL),('SOQTJNX12AB0188579','Movie Finale','AR17D2T1187FB4DBC2',92.832,'F#','minor',0.636752,2007),('SOQTJZY1311AFEC375','Got No Shorty','AR9LJ9D1187FB4303D',105.87,'C#','major',0.579912,2007),('SOQTQKX1376663608C','Cowards in Compton','AR9I0AS1187FB49FDF',112.374,'G','major',0.884848,NULL),('SOQUABN12A8C137DF5','Soul Power','AR0Z7GL1187B9AB4C3',107.789,'D','major',0.512075,2005),('SOQUANT144BD0F3F57','The 900 Number','ARWJFYS1187FB3F51F',107.548,'C#','major',0.848636,NULL),('SOQUBJV13E501D6852','Hit \'Em Up','ARXIGSG13DFBF584C9',96.949,'Bb','minor',0.832766,NULL),('SOQVMAH14BAA2F93D4','I Don\'t Fuck With You','ARGG7S81187FB511E9',97.997,'C#','major',0.804053,2014),('SOQWERS13A18D22F33','Nobody Beats the Biz','AR72OEM1187FB43E2A',97.22,'C#','major',0.853371,NULL),('SOQWFBM12DAA468B15','1000 Stacks','ARCBD0U1187FB466EF',119.873,'E','minor',0.659654,2010),('SOQWSBO1376E68DF1E','Show Me What You Got','AR5H4CJ1187B9AE949',110.08,'Ab','major',0.597944,NULL),('SOQXNDP144BC529B82','Strange Fruit','AR2UWUD1187B9B3B01',102.747,'B','minor',0.451707,2008),('SOQYEMN13C1BD5578F','P.S.K. - What Does It Mean?','ARV4MQQ1187FB515A3',99.004,'G','major',0.594933,NULL),('SOQZMLK1366C0F0F9C','Work It Out','ARU9RQG1187FB4C74F',98.577,'B','minor',0.824141,NULL),('SOQZWQB135C2D19DAC','I Wish I Knew','ARAMX4A1187B9A8D00',97.05,'G','major',0.342862,NULL),('SORBEHI12A6701FF37','Love Life','ARQUKB81187B9A0010',89.784,'C#','minor',0.758073,2000),('SORBHAW13E99275BE6','Trick\'n','ARUACYU12420782B4D',84.404,'E','minor',0.414741,NULL),('SORBNEW12A8C1378F5','Get Up and Dance','AR08YJF1187B9B2D59',106.539,'C','major',0.751902,NULL),('SORCIGD13E9850551F','Yuck!','ARPVJVZ12FE085D726',125.076,'C#','minor',0.752168,NULL),('SORCVYY13A7D1E8590','New God Flow','ARR09ZZ1187FB4A10A',174.29,'Eb','minor',0.5152,2012),('SORDPQB13D993E1DBC','The Grunt','ARQYX4N1187FB43837',103.497,'B','major',0.600524,NULL),('SOREQSC1311AFEA478','Queen of Royal Badness','ARELPXQ1187FB384FD',117.513,'G','major',0.788666,1989),('SORETGL144BEE454C6','Everybody Loves the Sunshine','AR6TOUC1187FB53C7E',80.694,'B','minor',0.570823,NULL),('SORFEFG12A6D4F96A4','The Sound You Hear','AR8KCGU1187FB514D5',90.049,'B','minor',0.848743,NULL),('SORFKQS14881E746E2','Blokk Raiders','ARVEVAT1269FB36293',83.336,'G','major',0.297763,NULL),('SORFTKI14259646CE7','Mariya','ARAXJ681187B99559D',121.259,'A','minor',0.43181,NULL),('SORHKEC1312FDFDEA8','Get It Right','AR17D2T1187FB4DBC2',86.987,'Ab','minor',0.636947,NULL),('SORHTKX12A6D4F6E8F','Hello Earth','AR3DXTG1187FB38776',84.872,'C#','minor',0.223726,NULL),('SORJEPG146F9039A3B','N.Y. State of Mind','ARZ3U2M1187B989ACB',83.776,'A','major',0.540943,NULL),('SORKYXW146176427A4','Candy Girl','AROVZAK1187B9BA3F7',104.202,'F#','minor',0.81587,2000),('SORLIRU13DC2D06B12','I Ain\'t Got Nobody','ARFQ3191187B98AD2E',122.624,'G','minor',0.36868,NULL),('SORMPIS12A67020909','Safe 2 Say (The Incredible)','AR2XI6G1187B9AE7DA',91.522,'F','major',0.595499,NULL),('SORMRGC13DBCF53838','Face Down','ARYNWFO1250940B804',147.959,'Ab','major',0.76863,NULL),('SOROJPH13DA0A3FB0C','P. Funk (Wants to Get Funked U','ARJ56D11187B9B3846',87.142,'A','major',0.622535,NULL),('SORPIGK14E8841D8E4','Mo','ARDHVOT14DF34B6DFD',90.018,'C#','major',0.511935,NULL),('SORRMXO1373962B8C4','Dead Bent','ARD05091187B9B8D3D',89.58,'Eb','major',0.500166,NULL),('SORSGEJ1312A8AE836','Polka Face','AR7WFGC1187B9B1CD4',161.056,'A','major',0.469055,NULL),('SORSTBJ13167715915','Drunken Praying Mantis Style','ARLHO5Z1187FB4C861',86.642,'A','major',0.452063,NULL),('SORSUQP12A6D4F9CBB','Song to the Siren','ARMKBL21187FB38230',110.925,'C','major',0.698845,2003),('SORTYVH12E96610A2E','Pronto','ARSK54Q1187B98F53E',90.06,'A','minor',0.881517,NULL),('SORUDJI1311AFE3896','School Boy Crush','ARAF2I21187FB4CE77',81.838,'D','major',0.619167,1976),('SORUGDD1487587FA2E','W.R.O.H.','ARUVHYV12FA3238377',137.147,'C#','minor',0.477505,NULL),('SORVSOE136B13B3D4C','Midnight Theme','ARX22VH1187B9954C6',98.916,'C#','major',0.711407,NULL),('SORWMBA13740A0CB75','Ooh Child','ARZE0AG1187FB5BF61',87.213,'F','minor',0.497344,1994),('SORXODN13D0C609F0A','No Sunshine','ARZDLIK1269FB2E39E',92.023,'A','minor',0.476993,NULL),('SORZFDS144BD2CB1C4','Tomorrow (A Better You, Better','ARLWEID1187B98DE3C',82.236,'F','major',0.528872,1989),('SOSBFQI1311AFD76A8','Ask Your Friends','ARETYWJ11F919A7829',146.017,'C#','minor',0.665689,NULL),('SOSCMON12AC3DF45AE','Keeping the Beat','ARH39ZK1187B9ABC22',99.957,'C#','minor',0.854702,NULL),('SOSELQB147E628B6A2','Blind Man Can See It','ARRDLVE1187FB48F11',95.735,'Bb','minor',0.623164,NULL),('SOSFCGQ144BD71C859','Real Love','AR5DC8S1187B9958BE',95.056,'C','major',0.759565,1992),('SOSGBHU13D7EAAA954','Anything','AROLBBV13A4B400158',106.014,'A','minor',0.646291,NULL),('SOSHYAJ141A2F61B25','La Mort','ARQXIED1187B99C61C',77.557,'C','major',0.273633,NULL),('SOSIDNN1462EC48F3A','That\'s the Joint','ARNSYTP11E2835CE3D',106.006,'Bb','minor',0.723672,NULL),('SOSIQGZ1366F26320C','Soul Power','ARRDLVE1187FB48F11',103.72,'C','major',0.897807,NULL),('SOSJFHF130516E0DFC','Weathermen','ARHH3WR1187B9B6B1D',95.78,'B','major',0.77567,2004),('SOSLPVD131343862D2','Love\'s Gonna Get You','ARMGM831187B9B78F0',107.799,'G','major',0.733581,NULL),('SOSMIEI1311AFD6C65','Getting Nasty','ARXDNZA122BCFCC25A',96.801,'F','major',0.642401,NULL),('SOSNFFB1315CD4B0E3','Get Out of My Life, Woman','ARFS2MY1187FB40893',89.087,'F','major',0.610996,NULL),('SOSNYZO12A8C135F29','In These Times','ARVFSUT1187B99269F',128.152,'C','major',0.837937,NULL),('SOSOJNB143347AF967','If','AR33JTX1187B98F4AD',195.762,'A','minor',0.30319,NULL),('SOSOREZ1315CD4C170','How High','ARWPZIE1187B9B7F82',91.256,'A','major',0.744658,NULL),('SOSOVNY14627FA5C7E','So Human','ARYSPXP1187FB3A4DC',93.014,'B','major',0.69151,2009),('SOSPSZA12A8AE489BF','Deep','ARJ56D11187B9B3846',121.192,'F#','minor',0.692836,1978),('SOSTAOK14440A1A539','Lookout Weekend','ARYQSD01187B98D24D',126.617,'C#','major',0.846582,NULL),('SOSUITN136731FE18D','Games','ARFD6AP1187FB431C4',92.81,'C#','major',0.763692,NULL),('SOSVBKD12A6701E0BC','Novacane','ARC2XR11187FB5CC95',95.48,'A','major',0.640727,1996),('SOSVZIX131343A0E27','Johnny, Don\'t Do It','ARUBDBK1187FB4D1B3',201.025,'G','minor',0.373882,1973),('SOSWKLP12A6701D9BA','Time to Get Ill','ARLHO5Z1187FB4C861',97.816,'F#','minor',0.873153,1986),('SOSWOKG1403CA1CD18','How About Some Hardcore','ARN1VJ21187FB4053F',186.957,'G','major',0.554275,NULL),('SOSXBSN131634A7A4A','I Don\'t Want to Do Wrong','ARCH48I1187FB51B68',127.705,'Bb','major',0.536967,NULL),('SOSXMJM13EE8732FB0','Ring Ring Ring (Ha Ha Hey)','AR1Q25M1187B9B0D73',207.78,'F','minor',0.653026,NULL),('SOSYBKY1315CD3F47D','Farward','ARA1G4I1187B99332D',173.534,'B','minor',0.769275,NULL),('SOSYOCD139E08F7CE9','Feel the Heartbeat','AR2B86D1187FB4EB7B',103.644,'E','minor',0.741378,NULL),('SOSZNNC1312A8ABB25','Down on the Corner','ARSAIUN1187FB398D3',114.216,'C','major',0.599224,NULL),('SOSZXYU12AB01856EF','Betta Off Dead','ARZH3SW1187B98C96E',167.678,'D','major',0.413003,NULL),('SOTAPCF13C1D782200','Fakin\' Jax','ARAV4ZE1187B9A1F60',89.322,'C#','major',0.646458,NULL),('SOTAQIP14310EB6534','Hey DJ','ARLSBV11187B99D578',94.627,'G','major',0.786697,NULL),('SOTDEIW13129A90A2A','What the World Needs Now Is Lo','ARABHD31187B997A55',115.234,'E','minor',0.482186,NULL),('SOTEVPM12A58A7BD05','The Natural','ARQMWPF1187FB536C3',84.724,'C#','major',0.595524,NULL),('SOTGMJM13D4FC146FD','Thank You','ARP8HC01187B9AC42D',80.011,'C#','minor',0.709527,NULL),('SOTGNAG13719FB7DD4','The Apostle\'s Creed','AR5TZFO1187B98E58E',90.282,'E','minor',0.798805,NULL),('SOTHKFT14FD6435367','Berlin Flair','ARHC2H61187B9B5D61',78.447,'F#','major',0.627595,NULL),('SOTIQQL12A6D4F7992','The Warnings (Part II)','ARGKQH91187FB59B29',91.644,'B','minor',0.347108,NULL),('SOTIUCT1406AAE96D4','Hip Hop Hooray','AR1ZYLH1187B98C159',199.277,'C#','minor',0.57242,NULL),('SOTKHAK14EF71DAB4F','Buffalo Stance','AR96LYR1187B9ABABD',107.196,'C#','major',0.767222,NULL),('SOTMCXV1311AFD968B','Gun in Your Mouth','ARJF9F91187FB3DE63',97.142,'B','minor',0.628072,2009),('SOTMSBP13768BF77AE','Who\'s the Boss','AR9DSVW1187FB3AA56',93.247,'Bb','minor',0.707297,NULL),('SOTOVEX136C406816B','Name and Number','AROYNG01187FB56BA9',94.165,'F','minor',0.636114,NULL),('SOTPCTO1375392FA70','Holland, 1945','ARZN0BZ1187B99F496',110.222,'G','major',0.162017,NULL),('SOTPHQK12A8AE48DD6','Dust a Sound Boy','ARAOHYT125094167A9',180.686,'B','minor',0.757367,NULL),('SOTPRNG13E36AD3F10','Heart of Glass','ARM7YQQ1187B9A84E7',114.702,'E','major',0.711343,NULL),('SOTPRXD136F23A4BB3','Smokin Cheeba-Cheeba','ARSON2X1187FB58521',104.068,'A','major',0.513406,NULL),('SOTQWCE13AAD1212AF','Candles in the Sun','ARO7NLC1187B99415E',83.244,'A','minor',0.360535,NULL),('SOTSKLL14B7C8E368B','I Know','ARGG7S81187FB511E9',120.024,'C#','major',0.748841,NULL),('SOTVWUS1312A8AC7F6','Check the Method','ARNIZ5P1187B989AF5',86.007,'Bb','minor',0.741951,NULL),('SOTXCHP13767A2B5BA','Millionaire','ARIGPNM1187B98C744',176.033,'B','major',0.676793,2004),('SOTXXKB13771E973F6','The Come Up','ARKQ9JM1187FB57521',93.273,'F','minor',0.649076,NULL),('SOTYBFF13152A70D21','Ashley\'s Roachclip','AR7I1U41187B99629D',194.721,'F','minor',0.484654,NULL),('SOTYCDU1315CD41407','Kick in the Door','ARSZ6MA1187FB43D29',179.67,'Bb','minor',0.633905,1997),('SOTZZMQ12AB017F0DB','Odwalla','ARS10A81187B9B6E16',111.997,'Bb','minor',0.588121,NULL),('SOUADGD146F8284B46','Neva Faded','ARTE2FL1187FB51337',92.272,'D','major',0.742124,NULL),('SOUAMHK13D0DE58328','Two Occasions','AR90FV71187B98A79D',169.578,'G','major',0.542077,NULL),('SOUANGA12AB01849C5','Suzanne','AR81UI91187B9A0E3F',92.231,'A','minor',0.568048,2009),('SOUAPXH13E9B7F294C','County Jail','ARPTEL21187B9B210F',97.487,'D','major',0.916501,NULL),('SOUBQQK13740BA260B','Come Back','AR3YCSH1187FB3CEDC',121.905,'B','major',0.728871,1989),('SOUBQUD13673B2C8CE','Written in the Stars','ARHTUZB11F50C4C14C',122.552,'G','major',0.619153,2010),('SOUELPY12A58A7B4A1','The Chronicles (I Will Always ','ARM2YO51187B9A055A',175.203,'C#','major',0.541984,1995),('SOUFTWW1315CD46A3E','Runaway Love','AR7NPRY1187B9ADE15',91.25,'C#','major',0.486288,2007),('SOUGCKG1311AFDE8FE','The Rill Thing','AR7QCAS1187B9B32EB',79.09,'C','major',0.605484,2005),('SOUGDSA13D155219C3','Hard Like a Criminal','ARIA2JA1187B9B5C0C',93.541,'D','major',0.753514,NULL),('SOUGEFA1315CD3EFFE','Champion','AR3QS2R1187B9953C7',90.994,'F#','major',0.77257,NULL),('SOUGRMG13E8A210311','Anytime She Goes Away','ARHNB8P1187FB409C3',174.972,'B','minor',0.534108,NULL),('SOUIXKF1315CD3E9B6','Livin\' Proof','ARJG03W1187B9950C3',92.057,'A','major',0.846262,1995),('SOUKYWL14C1B7C6CA8','It\'s Me Bitches','ARQ6TTV1187B99379E',95.415,'Bb','major',0.77693,NULL),('SOULFTT13E969D4590','My Soul Good','ARSPQAL1187FB3F0E6',172.499,'E','minor',0.655023,NULL),('SOULQQV1505ABFC236','Smoke Break','ARKOISX11E2835CA39',131.395,'D','major',0.686946,NULL),('SOULZDU131343A270C','Time Will Tell','ARARCRR12086C15E7B',85.992,'Bb','minor',0.633472,NULL),('SOUMOVC14373DA0050','My Philosophy','ARKAI6D1187B98A539',93.949,'A','minor',0.77543,NULL),('SOUMQCS13672038525','I Can\'t Go to Sleep','ARVTAI41187B9B8B67',137.717,'F','minor',0.387207,NULL),('SOUOJCM14680F7FC6F','Beat Dis','ARSL7B31187B9B2F18',113.838,'Bb','minor',0.740728,NULL),('SOUOWKD1379E46F57B','Atomic Dog','AR3K1T51187FB4042A',108.21,'A','major',0.866723,NULL),('SOUPQSF14C53FD5954','Winter Warz','ARZQYSZ1187FB3AC39',98.172,'G','major',0.716829,1996),('SOUQBZD13731CE67E1','Shroomz','AR49IQD1187FB37EA7',85.497,'A','major',0.701839,NULL),('SOUQUYX14553B3D829','The Power','AR5O6W51187FB46984',108.903,'C','major',0.743909,NULL),('SOUQWDH144E683BBB3','The Show','ARUALR01187FB37AF5',100.874,'C#','major',0.857415,NULL),('SOURAQO14E8933FC0A','Dreams Don\'t Come True','ARU6W7J1187B9948B1',91.071,'Ab','major',0.772738,NULL),('SOUSBMV135C2CC7677','Xxplosive','ARZER7I1187FB385AF',169.07,'C#','major',0.762085,1999),('SOUSPMR13E9067AFFF','The Real Slim Shady','ARTH9041187FB43E1F',104.469,'Ab','major',0.924922,NULL),('SOUSUUN146F5585A80','Starlight (Could You Be Mine)','ARQ0AP61187FB58CE9',128.003,'C#','major',0.631079,NULL),('SOUVMWA149D90B48F3','Wet Dreamz','ARFIDHF12496DAB7E1',175.483,'F#','minor',0.504327,NULL),('SOUWCZN14F308A2DC8','The Power','AREIKZN1187B9A12DE',108.898,'C#','major',0.72322,NULL),('SOUWHOE1377ABBFE81','How About Some Hardcore','ARN1VJ21187FB4053F',95.678,'D','major',0.56848,NULL),('SOUWRNA1469320411B','More Bounce to the Ounce','AR4GJ3V1187FB4245B',107.764,'C#','major',0.859831,NULL),('SOUYXWT132C061D818','Back From the Dead','AR4JOEZ1187B9AE99A',96.534,'F#','major',0.798548,NULL),('SOVBYIL14E8945A41D','Mike Vick','ARITVFG1269FB34AF1',156.221,'G','major',0.452025,NULL),('SOVCRQK146049DF9C2','Help Is on the Way','AR394BM1187FB5C980',104.261,'F','minor',0.767036,NULL),('SOVEMDR144313C787E','Cuffin Season','AR3FE581187FB3F90A',177.286,'F','minor',0.420273,2013),('SOVERZI12AB0184299','Look-Ka Py Py','ART7MEI1187B99B8C6',166.039,'C','major',0.796531,NULL),('SOVFPHZ12A8C143AF0','Some Love','ARE3H4L1187B9B659C',108.412,'C','major',0.650979,NULL),('SOVIOJK144C27E063D','Similak Child','ARJFBZ41187FB560A0',89.917,'Bb','minor',0.663325,NULL),('SOVJOCK14308597839','A Fight','ARU9MNZ1187FB53EE0',128.001,'Bb','major',0.798144,NULL),('SOVKGJZ14E893CC318','Ignorant Shit','ARHWHVQ12C7F535717',93.632,'E','major',0.583971,NULL),('SOVLECN145B064A8B9','Pavane for a Dead Princess','ARDIKTV11F43A69FA4',65.63,'G','major',0.087618,NULL),('SOVQIOK137715F8AC5','How Soon Is Now?','ARPN0Y61187B9ABAA0',95.418,'B','major',0.663306,NULL),('SOVQYYZ14619B1B77A','We Can\'t Stop','ARYAVBS1187FB5B46C',80.072,'C#','minor',0.605723,NULL),('SOVRCXE144DFEE53BB','Backstrokin\'','ARRZ1351187FB37A53',116.499,'A','minor',0.894418,NULL),('SOVRKIF13AA4CEFDD1','Creepers','ARD46C811C8A414F3F',197.963,'D','major',0.613264,NULL),('SOVRSGE12AB0185D92','Criminal Minded','ARKAI6D1187B98A539',189.53,'Bb','minor',0.605601,NULL),('SOVUUCR1315CD46AE8','Action','ARPKVJW1187B989F63',106.813,'Bb','minor',0.829336,NULL),('SOVVZAT130516DF08F','Greenhouse','ARHH3WR1187B9B6B1D',93.264,'C#','major',0.809774,NULL),('SOVWQQN144B2C237ED','Get Money','ARFG66D1187FB536B6',91.494,'D','major',0.730421,1995),('SOVXBGG13C2023788D','In the Morning Time','AR5Y1HG1187B989614',107.093,'C','major',0.879948,NULL),('SOVXEMO12A6D4F7F7D','Insert B [The Real Deal] Nobod','ARS5PAT1187FB503EF',81.09,'Bb','minor',0.732389,NULL),('SOVXJXN1377AE54697','Candy','ARZ5H0P1187B98A1DD',126.58,'Bb','minor',0.678736,NULL),('SOVZHKO1360E3B78AF','Just Rhymin\' With Biz','ARHIC3Q1187B9B1773',93.7,'Bb','minor',0.874992,1988),('SOWAEFF1460084CAA3','Danger','AR5PF241187B989C1D',177.711,'F#','major',0.712038,1996),('SOWEBPK144AE496F61','Long Red','ARGDF3P1187B98F54E',91.113,'G','major',0.767916,1973),('SOWFUAR135C446860A','Black Swan','ARH1N081187B9AC562',101.064,'C','major',0.612481,2006),('SOWKIGY14B7C7A9100','On to the Next One','ARLGIX31187B9AE9A0',177.21,'Bb','minor',0.512998,NULL),('SOWMGUC12A8C13D8A4','Eight Y Cinco','AR1LZXE1187FB5A607',169.996,'D','major',0.747704,NULL),('SOWMLEW1376D65D504','Move Your Body','AR8ZLX91187FB3CB73',126.072,'Bb','minor',0.843838,NULL),('SOWMMYB150DAB9C9F8','Puur','ARWSCGO1269FCD5E49',113.171,'A','major',0.395243,NULL),('SOWNPAG1312A8AA2D7','Jimbrowski','ARWKPUC1187FB511DD',93.319,'C','major',0.77144,1996),('SOWNXZR13B450831B3','Deeez Nuuuts','ARZER7I1187FB385AF',93.619,'C','major',0.740836,NULL),('SOWOANO1311AFD4AA0','Come On! Feel the Illinoise!','AR7OA5G1187B98D3A0',109.879,'E','minor',0.433434,2005),('SOWOHXA136AAFC0BB5','Plastic Surgery','AR49IQD1187FB37EA7',90.267,'C#','major',0.782621,NULL),('SOWPJKU1311AFEBC66','I Am a Nigerian','AR95CBB11C8A414A12',167.757,'G','major',0.639035,NULL),('SOWQYLS134EE36C213','What the Hell You Come in Here','ARW88GF1187B9B604C',98.513,'D','major',0.787361,NULL),('SOWREYD144F4F99DE6','Whatever You Like','ARBS1OC1187FB44CAF',149.985,'C','major',0.650517,NULL),('SOWRTBR14BB446B019','Wishin','ARIHARD123526A0DE6',72.612,'F','minor',0.416087,NULL),('SOWSASB13753917A27','Badman Riddim','ARACINL12A100440E0',150.006,'D','major',0.511104,NULL),('SOWUOVQ14CE4A1713F','Buffalo','ARTCFOK12E9676E396',168.53,'D','major',0.347265,NULL),('SOWUVIP13CF480C14C','Simon Says','ARXOSRG1187FB4AE0D',191.068,'C#','major',0.486622,NULL),('SOWXZSP14CE474B8AA','Empire State of Mind','ARLGIX31187B9AE9A0',93.343,'Ab','minor',0.531714,NULL),('SOWZKXY13FC42548FB','Black Swan (Cristian Vogel Spa','ARH1N081187B9AC562',101.026,'G','major',0.648865,NULL),('SOWZPLD131F71D65D0','You\'re a Customer','ARSQDUN1187B98D7D7',115.171,'D','major',0.661038,NULL),('SOWZXER12A6D4FBD8C','Industrial Bass','AREL1OU1187B995C9A',129.488,'F#','minor',0.636314,NULL),('SOXAELK1368A463114','Gorillas','ARNMKV91187FB4CD3F',167.739,'Ab','major',0.455099,NULL),('SOXDPMS13E65BD4AE6','Let Me Clear My Throat','ARW88GF1187B9B604C',103.177,'B','minor',0.671341,NULL),('SOXEGDS13AA4FBFCDB','Don\'t Say a Word','ARKTTJV12592CDA07F',125.113,'D','minor',0.382625,2012),('SOXIYJH131343882EA','The Good, the Bad, the Ugly','AR4XR321187B9B85CE',94.571,'B','minor',0.473209,NULL),('SOXLBVQ14FC222E298','Catfish','AR9WTG51187FB5C7C5',99.995,'C','minor',0.692129,NULL),('SOXLYVU137754FFAC1','Who Shot Ya?','ARSZ6MA1187FB43D29',91.693,'G','major',0.845289,1999),('SOXNBKZ13E9082782E','Runaway (Video Version)','ARRH63Y1187FB47783',87.068,'C#','minor',0.735722,NULL),('SOXTMDV135C1F2D11A','Hey Young World','ARUMGZN1187FB37125',169.257,'F#','major',0.599987,1988),('SOXUNZT1316771715E','Random Love','ARJEVRH12FE086FD5E',86.351,'C#','major',0.805013,NULL),('SOXUUCL1377021D340','Person to Person','ARAF2I21187FB4CE77',99.996,'Bb','minor',0.84183,NULL),('SOXUXZK1427D9DD229','Asshole','ARTH9041187FB43E1F',87.108,'C#','major',0.565398,NULL),('SOXVDCU14554CF87B3','Ballade Pour Adeline','ARL3IIC1187FB394BD',141.225,'C','major',0.356005,NULL),('SOXVPIE1366D887A22','La Di Da Di','ARUALR01187FB37AF5',81.403,'G','major',0.600202,NULL),('SOXWPBL1315CD468BC','Have U.N.E. Pull','ARJFBZ41187FB560A0',96.935,'F#','major',0.918811,NULL),('SOXWVTF14BAA31C92A','Mercy','ARRH63Y1187FB47783',146.295,'A','major',0.641424,NULL),('SOXXCDL13FFC4B876B','Roc Germany','AR9U1T81187FB4D1DE',82.41,'Ab','minor',0.607222,2013),('SOXZAIK1315CD49391','Kanday','ARNHMFD1187FB3B3F6',169.208,'C#','minor',0.828183,1987),('SOXZETL13FFC4A7BF7','Waste of Time','AR9U1T81187FB4D1DE',82.205,'C#','major',0.489214,2013),('SOXZNFD1372FBF0005','You Are My Starship','ART4M471187B990ABC',75.412,'C','minor',0.565292,NULL),('SOYBJBG144ED628A34','California Soul','AR7F2611187FB4049B',94.536,'Ab','minor',0.502579,2011),('SOYBRIB14606A7FEBD','Latifah\'s Had It Up 2 Here','ARELPXQ1187FB384FD',100.265,'D','major',0.740525,NULL),('SOYDCFM1313438D242','Born Leader','ARR2EDS1187B9B57DB',88.375,'F#','major',0.369428,NULL),('SOYDMFJ12A8C13C6A4','Excursions','AR4WHYC1187B9896E7',95.748,'B','major',0.884902,1991),('SOYEYIC1311AFDDFF0','Ya Don\'t Quit','ARGGK7W1187B99053B',99.922,'C#','major',0.55718,NULL),('SOYFVHF148F63BCBE0','U Looz','ARIHARD123526A0DE6',92.909,'C#','minor',0.533177,NULL),('SOYGGCM13FB17EE231','Shimmy Shimmy Ya','AR05OJD1187B9B99A6',96.56,'A','minor',0.837272,NULL),('SOYGUNF13E90897CB5','Don King','ARR49LG1187B99E508',99.677,'C','major',0.581335,NULL),('SOYHSBK13731E7F3DA','Hold Up','ARM1UIH1187B9A5DE8',94.764,'G','major',0.784907,NULL),('SOYIEWG13665B000C7','Announcement','AR54RGR1187FB51D10',93.663,'Ab','minor',0.785173,NULL),('SOYINPQ13E907CEEB1','Throw Ya Gunz','ARZH3SW1187B98C96E',94.022,'F#','major',0.744914,NULL),('SOYJLIZ12A8C136EB9','Minute by Minute','ARH39ZK1187B9ABC22',104.94,'B','major',0.844221,NULL),('SOYLFGC12A8C13A4DD','I Wanna Kill Sam','AROSI8L1187B9ACD43',104.646,'C#','minor',0.864834,1991),('SOYLKAN1517450BE99','Tony\'s Theme (8 Bit Scarface)','ARYJUNQ1495F1576BA',120.345,'C','major',0.8183,NULL),('SOYMGZL1419C95ECD2','A Who Seh Me Dun','ARLH5FC1187B988F93',94.33,'F','minor',0.898088,NULL),('SOYMTLO1516B600B61','Easy Love','ARGXRVV14C76477C70',125.359,'F#','minor',0.706032,NULL),('SOYNHLG146064C34C4','Situation','AR5PFDG1187FB5027E',119.256,'C#','major',0.709689,NULL),('SOYNSAJ13E86142F5C','Deep Cover','ARZER7I1187FB385AF',94.978,'C','major',0.790722,NULL),('SOYOJHB151760BB588','Blow Your Head','ARF4OQL1187FB3716B',120.947,'A','minor',0.613668,NULL),('SOYOOTV1455E08871D','I Wish','AROH0Y91187FB5B3BA',97.875,'G','major',0.470604,NULL),('SOYPBGQ148B96293B9','Na Na','ARL60FF1187B9AE52D',110.794,'A','minor',0.465483,NULL),('SOYPJZP144E17CEB2D','Lose Yourself','ARTH9041187FB43E1F',85.72,'D','major',0.763715,NULL),('SOYRPVC13E2461FCC5','Jailhouse Rock','ARULZ741187B9AD2EF',106.056,'F','minor',0.492722,NULL),('SOYSDVZ12AB0187AED','We Will Rock You','ARMDBW21187FB37126',98.91,'F','major',0.878245,NULL),('SOYSYVI133EB8760C4','Anything Can Happen (In the Bi','ARBYVIH1187B9B9F64',102.961,'G','major',0.73546,2011),('SOYTVQE135C2524E79','Face to Face','ARF8HTQ1187B9AE693',117.79,'C#','minor',0.874035,NULL),('SOYUZXC12A67ADA22F','Notorious Thugs','ARSZ6MA1187FB43D29',154.838,'B','minor',0.694811,NULL),('SOYVXJX142B33A83ED','RVRE','ARKYNZQ13C4A10D3D4',131.022,'B','major',0.791264,NULL),('SOYWUAP13576DDDBA4','Planet Rock','AROCAZH1187FB4A092',127.485,'F#','minor',0.91766,NULL),('SOZAGAH12B0B80B4A8','Ego Trippin\' (Part Two)','AR1Q25M1187B9B0D73',97.309,'Bb','minor',0.733238,NULL),('SOZAOSU1371E794009','To Protect and Entertain (Mr. ','AR25JPR1187B99720B',103.83,'B','minor',0.787124,2008),('SOZAPUA14E89230AD5','Taking the Train','AR1Q25M1187B9B0D73',93.223,'C#','major',0.838459,NULL),('SOZAZJX12B0B80955B','The Chronic (Intro)','ARZER7I1187FB385AF',88.555,'C#','major',0.513399,NULL),('SOZBPJA12A8AE48813','Hyperspeed (G-Force Part 2)','AR4L4WQ1187FB51996',150.022,'F#','major',0.618151,NULL),('SOZBZGQ1462D0A4643','Would You Stay','ARAF2I21187FB4CE77',118.72,'F','major',0.343023,1976),('SOZCVPY14692F0638D','Good as Gone','AR0CANF1187B9AF35F',86.082,'D','major',0.694797,NULL),('SOZEMIW13A18D26FB9','Heartbeat','AR8ZXTS1187B9A377E',99.058,'C#','minor',0.821822,NULL),('SOZFJUJ144BE11731D','Ooo La La La','ARMIMHT1187B98F038',173.655,'F','major',0.492616,NULL),('SOZHPXF14D2CD4EBB7','The Crack Attack','AR2XI6G1187B9AE7DA',176.014,'G','major',0.584317,1998),('SOZIKUT13D114D608E','Off Balance','AR8NG4F1187B9A8056',177.44,'G','major',0.661928,NULL),('SOZIVOF13152A76506','Sprite: Melonball Bounce','ARPFXNI1187B9A4C9D',102.063,'D','major',0.767973,NULL),('SOZJTTN14602A3E5D3','Rump Shaker','ARPAF9J1187B9B7028',102.751,'Bb','major',0.878143,NULL),('SOZNVPC13A5BCAB634','UFO','ARD97XH1187B9B1E12',71.031,'C#','major',0.616656,NULL),('SOZPAIQ12AC468C833','Darkest Light','AR81PS11187B9A7C5C',106.653,'A','major',0.38596,NULL),('SOZQNWS1475B879C78','Summer Breeze','AR5JUO91187FB4E90B',88.442,'B','minor',0.623485,NULL),('SOZQUTP14D7D681783','Mentira','ARZYSCW1187FB52DF7',86.928,'C','minor',0.552112,NULL),('SOZUFBK150E15E9B9F','Love Your Life','ARAF2I21187FB4CE77',94.722,'C','major',0.633276,NULL),('SOZUGDL148759470DE','0 to 100 / the Catch Up','ARODZUF11F4C841E1F',88.847,'E','minor',0.728202,NULL),('SOZUWZW1312FDFF591','Nicety','ARVL39W1187B989514',103.141,'B','major',0.830295,1989),('SOZWFTJ144151CC8D7','Who Do You Love?','ARFKIAO144310FD23A',96.497,'A','major',0.852689,NULL),('SOZXDUS13D430D0C58','Ah Yeah!','ARMFUUA1373E16FA28',127.981,'G','minor',0.824274,2013);
/*!40000 ALTER TABLE `song` ENABLE KEYS */;
UNLOCK TABLES;
/*!40103 SET TIME_ZONE=@OLD_TIME_ZONE */;

/*!40101 SET SQL_MODE=@OLD_SQL_MODE */;
/*!40014 SET FOREIGN_KEY_CHECKS=@OLD_FOREIGN_KEY_CHECKS */;
/*!40014 SET UNIQUE_CHECKS=@OLD_UNIQUE_CHECKS */;
/*!40101 SET CHARACTER_SET_CLIENT=@OLD_CHARACTER_SET_CLIENT */;
/*!40101 SET CHARACTER_SET_RESULTS=@OLD_CHARACTER_SET_RESULTS */;
/*!40101 SET COLLATION_CONNECTION=@OLD_COLLATION_CONNECTION */;
/*!40111 SET SQL_NOTES=@OLD_SQL_NOTES */;

-- Dump completed on 2015-12-20 21:59:18
